timestamp,open,high,low,close,volume
2025-09-13 21:33:01,40154.9,40154.9,39842.37,40000,1451.19
2025-09-13 22:33:01,39779.31,39981.38,39666.89,39913.55,1478.82
2025-09-13 23:33:01,39831.91,39943.12,39650.04,39810.11,1192.58
2025-09-14 00:33:01,39804.02,39804.02,39297.25,39743.83,1897.89
2025-09-14 01:33:01,40142.08,40220.86,40014.67,40162.58,1004.04
2025-09-14 02:33:01,40222.19,40222.19,39868.11,40085.55,1179.2
2025-09-14 03:33:01,39251.28,39316.55,39051.97,39185.13,1380.19
2025-09-14 04:33:01,39321.44,39589.08,39227.72,39381.28,1346.51
2025-09-14 05:33:01,39227.44,39261.72,38778.44,39223.98,1535.25
2025-09-14 06:33:01,39057.88,39139.55,39057.88,39097.1,1446.08
2025-09-14 07:33:01,39141.67,39384.46,39000.57,39165.97,1386.55
2025-09-14 08:33:01,39428.44,39442.62,39210.48,39303.27,1410.42
2025-09-14 09:33:01,40013.57,40126.91,39954.91,39989.94,1191.54
2025-09-14 10:33:01,40382.9,40521.06,40222.07,40383.84,1723.54
2025-09-14 11:33:01,40515.83,40515.83,40193.7,40450.39,1352.24
2025-09-14 12:33:01,39778.75,40274.1,39778.75,40001.96,1255.99
2025-09-14 13:33:01,39367.43,39603.68,39367.43,39393.13,1475.1
2025-09-14 14:33:01,39611.61,39680.04,39409.64,39539.3,1372.99
2025-09-14 15:33:01,40095.61,40430.03,40095.61,40317.35,1353.19
2025-09-14 16:33:01,40286.75,40588.78,40120.78,40342.23,1348.29
2025-09-14 17:33:01,40326.96,40451.87,40277.3,40277.55,1031.71
2025-09-14 18:33:01,40683.53,40836.26,40400.84,40598.55,1017.22
2025-09-14 19:33:01,39822.99,39866.54,39084.79,39712.77,1148.19
2025-09-14 20:33:01,39529.83,39956.47,39426.09,39527.04,1198.11
2025-09-14 21:33:01,39754.02,39992.61,39644.5,39818.25,1386.73
2025-09-14 22:33:01,40267.06,40500.08,40240.12,40340.09,1063.17
2025-09-14 23:33:01,40138.7,40254.42,39785.51,40194.15,1281.42
2025-09-15 00:33:01,40357.52,40677.32,40162.52,40421.01,1096.98
2025-09-15 01:33:01,40618.02,40803.89,40472.83,40571.08,1340.91
2025-09-15 02:33:01,41068.05,41324.51,40789.35,41046.61,1367.85
2025-09-15 03:33:01,40315.89,40627.29,40096.98,40360.15,1221.13
2025-09-15 04:33:01,40703.4,40794.09,40379.6,40703.81,1507.02
2025-09-15 05:33:01,39743.54,39833.16,39743.54,39778.41,1423.74
2025-09-15 06:33:01,38259.97,38262.69,37941.02,38215.37,1344.31
2025-09-15 07:33:01,37736.42,38191.14,37736.42,37869.27,1323.82
2025-09-15 08:33:01,37435.51,37793.65,36976.91,37351.18,1145.21
2025-09-15 09:33:01,37891.17,37891.17,37779.67,37844.63,1207.9
2025-09-15 10:33:01,38411.03,38493.54,37965.95,38223.87,1458.31
2025-09-15 11:33:01,37659.89,37749.24,37525.67,37526.68,1147.3
2025-09-15 12:33:01,38117.06,38117.06,37929.67,38006.14,1182.3
2025-09-15 13:33:01,37417.35,37438.62,37335.66,37436.78,1259.93
2025-09-15 14:33:01,37280.63,37641.72,37107.07,37390.91,1516.16
2025-09-15 15:33:01,37233.72,37363.99,37172.8,37228.69,1247.99
2025-09-15 16:33:01,37165.95,37485.19,37110.11,37295.35,1370.76
2025-09-15 17:33:01,37757.66,37890.88,37490.86,37756.03,1185.42
2025-09-15 18:33:01,38138.25,38582.59,37777.34,38119.83,1100.13
2025-09-15 19:33:01,38336.68,38469.53,38261.38,38321.77,1320.67
2025-09-15 20:33:01,38823.74,38823.74,38621.76,38697.06,1182.99
2025-09-15 21:33:01,38783.56,39262.67,38783.56,38976.11,1156.93
2025-09-15 22:33:01,38700.65,38700.65,38440.23,38610.57,1141.49
2025-09-15 23:33:01,38268.14,38390.69,38180.69,38196.49,1203.84
2025-09-16 00:33:01,38016.23,38018.76,37733.3,37929.02,1006.53
2025-09-16 01:33:01,38286.94,38597.76,38123.72,38215.18,1229.47
2025-09-16 02:33:01,37962.18,38150.91,37962.18,38073.59,1351.08
2025-09-16 03:33:01,39429.38,39430.87,39394.13,39409.47,1335.13
2025-09-16 04:33:01,38911.67,39003.66,38793.23,38925.75,1058.2
2025-09-16 05:33:01,38291.55,38334.41,37889.39,38285.2,1191.48
2025-09-16 06:33:01,38685.35,38908.29,38362.84,38728.24,1563.23
2025-09-16 07:33:01,39389.16,39727.58,39389.16,39555.49,1202.06
2025-09-16 08:33:01,39827.96,40006.43,39737.43,39855.98,1110.75
2025-09-16 09:33:01,40351.22,40381.69,40012.83,40355.81,1167.43
2025-09-16 10:33:01,41171.92,41827.63,41171.92,41218.87,1296.54
2025-09-16 11:33:01,41069.57,41191.63,41069.57,41159.52,1466.57
2025-09-16 12:33:01,40393.86,40406.25,40204.24,40279.84,1091.35
2025-09-16 13:33:01,40026.27,40026.27,39840.9,39958.08,1327.03
2025-09-16 14:33:01,40453.73,40566.03,40337.68,40529.26,1194.52
2025-09-16 15:33:01,39909.33,39909.33,39334.53,39651.06,1016.97
2025-09-16 16:33:01,39830.78,39838.25,39479.05,39671.35,1461.51
2025-09-16 17:33:01,39996.6,39996.6,39709.66,39822.37,1304.0
2025-09-16 18:33:01,39617.51,39852.35,39373.77,39634.04,1139.65
2025-09-16 19:33:01,40043.07,40372.85,40043.07,40064.61,1773.87
2025-09-16 20:33:01,40242.49,40497.51,40242.49,40413.58,1423.68
2025-09-16 21:33:01,41788.38,41977.09,41709.76,41820.41,1287.44
2025-09-16 22:33:01,42157.35,42420.19,42142.81,42207.5,1032.04
2025-09-16 23:33:01,41803.34,41867.5,41723.87,41819.47,1258.46
2025-09-17 00:33:01,41594.52,41594.52,41280.92,41465.24,1438.14
2025-09-17 01:33:01,40846.99,41135.31,40581.55,40946.55,1009.56
2025-09-17 02:33:01,41584.48,41604.66,41438.95,41530.49,1200.79
2025-09-17 03:33:01,41161.6,41446.07,40999.47,41175.84,1307.08
2025-09-17 04:33:01,41211.71,41533.01,41025.84,41131.27,1066.01
2025-09-17 05:33:01,41467.16,41921.53,41393.79,41592.44,1151.0
2025-09-17 06:33:01,41270.9,41270.9,41133.74,41139.49,1126.74
2025-09-17 07:33:01,41037.95,41500.44,40907.28,40957.13,1124.32
2025-09-17 08:33:01,39909.12,40124.96,39749.56,39824.97,1488.72
2025-09-17 09:33:01,39227.89,39319.7,39163.83,39178.5,1130.43
2025-09-17 10:33:01,38823.37,39015.67,38489.7,38845.67,1520.23
2025-09-17 11:33:01,39166.98,39188.46,39048.61,39089.09,1061.81
2025-09-17 12:33:01,39816.91,39968.61,39646.56,39789.79,1199.83
2025-09-17 13:33:01,39723.47,39796.49,39330.01,39778.97,1054.09
2025-09-17 14:33:01,39846.94,40037.51,39736.75,39935.15,1021.16
2025-09-17 15:33:01,40008.18,40333.51,39755.89,40035.83,1293.11
2025-09-17 16:33:01,40641.38,40755.26,40641.38,40687.22,1003.98
2025-09-17 17:33:01,41157.97,41252.59,40781.0,41231.76,1584.88
2025-09-17 18:33:01,41318.22,41667.04,41229.51,41399.8,1241.46
2025-09-17 19:33:01,40903.03,41269.77,40643.59,40770.6,1108.75
2025-09-17 20:33:01,41264.88,41371.21,41093.81,41322.31,1118.47
2025-09-17 21:33:01,41523.75,42038.36,41446.95,41557.17,1137.77
2025-09-17 22:33:01,42145.09,42409.15,41686.0,42320.44,1279.92
2025-09-17 23:33:01,42194.19,42448.28,41800.33,42299.13,1548.76
2025-09-18 00:33:01,43544.26,43735.67,43254.51,43536.05,1669.0
2025-09-18 01:33:01,43615.93,43683.94,43157.93,43298.15,1337.25
2025-09-18 02:33:01,44248.07,44399.02,43928.79,44329.5,1192.41
2025-09-18 03:33:01,44444.7,44444.7,44301.27,44401.72,1223.71
2025-09-18 04:33:01,44219.11,44219.11,43913.07,44053.47,1098.45
2025-09-18 05:33:01,43236.55,43575.03,43236.55,43303.74,1395.71
2025-09-18 06:33:01,43087.26,43564.24,43081.42,43202.33,1381.62
2025-09-18 07:33:01,44177.19,44291.61,44073.1,44121.49,1101.06
2025-09-18 08:33:01,44739.3,44808.56,44646.58,44657.66,1017.57
2025-09-18 09:33:01,45285.62,45674.15,44998.6,45114.46,1435.76
2025-09-18 10:33:01,43465.1,43524.3,43465.1,43501.56,1189.17
2025-09-18 11:33:01,44034.69,44089.25,43746.76,43961.98,1369.87
2025-09-18 12:33:01,44375.93,44536.18,44283.15,44324.56,1216.83
2025-09-18 13:33:01,43903.63,44047.03,43838.42,43954.61,1115.57
2025-09-18 14:33:01,43388.52,43630.42,43388.52,43537.01,1327.0
2025-09-18 15:33:01,43556.59,43670.57,43266.18,43531.96,1108.24
2025-09-18 16:33:01,44841.88,44841.88,44648.78,44654.74,1086.64
2025-09-18 17:33:01,43999.63,44008.32,43619.63,43943.35,1341.01
2025-09-18 18:33:01,43709.44,43790.0,43402.91,43657.42,1390.98
2025-09-18 19:33:01,44625.84,44625.84,44428.64,44545.54,1147.92
2025-09-18 20:33:01,44383.5,44383.5,44161.95,44242.89,1301.57
2025-09-18 21:33:01,43884.14,44139.09,43884.14,43996.91,1330.29
2025-09-18 22:33:01,44100.99,44100.99,43828.0,44057.44,1168.33
2025-09-18 23:33:01,43354.11,43557.65,42917.11,43233.07,1010.39
2025-09-19 00:33:01,43400.45,43657.36,43181.16,43372.47,1885.44
2025-09-19 01:33:01,42566.05,42848.27,42508.32,42582.13,1069.69
2025-09-19 02:33:01,43245.0,43245.0,42834.57,43144.95,1082.46
2025-09-19 03:33:01,43054.48,43738.11,43006.77,43143.87,1294.27
2025-09-19 04:33:01,44440.94,44628.29,44286.64,44618.47,1322.74
2025-09-19 05:33:01,44683.24,45040.85,44655.03,44801.81,1158.0
2025-09-19 06:33:01,45842.58,45888.46,45591.51,45714.79,1476.08
2025-09-19 07:33:01,44824.6,44880.55,44812.2,44815.39,1249.98
2025-09-19 08:33:01,44604.14,44755.28,44598.8,44728.47,1547.41
2025-09-19 09:33:01,45044.11,45044.11,44937.31,44940.55,1113.33
2025-09-19 10:33:01,46056.7,46648.17,46056.7,46112.42,1114.18
2025-09-19 11:33:01,44711.72,45161.74,44711.72,44943.64,1202.83
2025-09-19 12:33:01,45624.17,45624.17,45558.51,45606.52,1382.13
2025-09-19 13:33:01,46062.35,46212.17,45645.14,46005.46,1179.18
2025-09-19 14:33:01,47287.66,47287.66,46961.8,47057.73,1333.11
2025-09-19 15:33:01,47765.57,47765.57,47446.72,47553.52,1030.46
2025-09-19 16:33:01,47480.52,47790.22,47292.79,47583.11,1109.23
2025-09-19 17:33:01,47339.04,47383.85,46987.67,47203.2,1045.89
2025-09-19 18:33:01,46417.62,46504.77,45789.06,46312.23,1480.86
2025-09-19 19:33:01,46354.46,46792.45,46269.42,46441.67,1803.11
2025-09-19 20:33:01,46239.72,46318.74,45979.32,46301.69,1058.63
2025-09-19 21:33:01,47732.54,47902.2,47581.24,47698.51,1358.73
2025-09-19 22:33:01,47291.71,47531.03,46800.3,47253.64,1147.44
2025-09-19 23:33:01,47226.13,47826.96,47226.13,47473.48,1726.72
2025-09-20 00:33:01,46326.82,46580.78,46232.33,46348.72,1009.07
2025-09-20 01:33:01,45860.07,46222.59,45752.79,46067.43,1075.74
2025-09-20 02:33:01,46167.62,46325.28,46167.62,46241.82,1051.96
2025-09-20 03:33:01,46663.69,47155.0,46427.2,46807.1,1192.48
2025-09-20 04:33:01,47666.07,48191.76,47666.07,47817.01,1600.34
2025-09-20 05:33:01,48037.39,48037.39,47479.08,47777.53,1702.48
2025-09-20 06:33:01,46955.22,47022.21,46855.06,46969.07,1342.54
2025-09-20 07:33:01,47445.49,47445.49,47269.69,47284.67,1187.85
2025-09-20 08:33:01,47577.89,48151.71,47254.14,47644.07,1271.17
2025-09-20 09:33:01,48060.05,48189.77,47869.36,47987.79,1350.7
2025-09-20 10:33:01,47670.18,47670.18,46930.47,47475.73,1563.56
2025-09-20 11:33:01,48215.83,48363.38,48075.91,48275.37,1330.71
2025-09-20 12:33:01,48397.51,48490.72,48306.38,48330.75,1047.42
2025-09-20 13:33:01,48769.21,49398.91,48606.65,48829.76,1154.47
2025-09-20 14:33:01,49915.49,49936.16,49411.14,49754.12,1437.44
2025-09-20 15:33:01,50110.27,50200.68,50110.27,50199.08,1339.98
2025-09-20 16:33:01,50290.86,50996.13,50220.45,50404.62,1262.47
2025-09-20 17:33:01,52203.34,52425.16,51820.17,52021.88,1667.37
2025-09-20 18:33:01,52151.09,52242.72,51839.05,52200.02,1073.4
2025-09-20 19:33:01,51699.08,51980.67,51598.69,51956.08,1250.72
2025-09-20 20:33:01,52162.22,52416.58,51605.05,52031.39,1054.73
2025-09-20 21:33:01,53185.67,53590.49,52861.49,53176.61,1290.88
2025-09-20 22:33:01,53098.43,53522.23,53073.96,53258.13,1345.12
2025-09-20 23:33:01,53666.84,53692.48,53320.25,53659.79,1367.33
2025-09-21 00:33:01,54980.07,54980.07,54492.13,54608.57,1546.31
2025-09-21 01:33:01,53955.94,54227.2,53948.45,54173.86,1120.41
2025-09-21 02:33:01,52799.27,52824.06,52633.48,52756.66,1130.88
2025-09-21 03:33:01,52885.03,53283.44,52885.03,52980.86,1231.16
2025-09-21 04:33:01,53245.9,53305.41,52865.61,53150.45,1214.26
2025-09-21 05:33:01,52418.74,52664.11,52418.74,52652.56,1337.19
2025-09-21 06:33:01,53268.91,53761.42,53268.91,53327.88,1276.2
2025-09-21 07:33:01,53806.96,54035.29,53765.77,53800.55,1167.44
2025-09-21 08:33:01,53077.39,53258.36,52559.17,52983.79,1542.68
2025-09-21 09:33:01,53474.91,53594.69,53112.51,53382.66,1199.42
2025-09-21 10:33:01,53007.28,53260.69,52836.31,53212.25,1091.55
2025-09-21 11:33:01,52148.8,52148.8,51485.98,52015.31,1311.53
2025-09-21 12:33:01,52418.46,52556.01,51767.78,52356.7,1301.78
2025-09-21 13:33:01,52195.23,52922.25,51935.63,52308.83,1070.2
2025-09-21 14:33:01,51747.53,51965.25,51575.44,51711.75,1034.05
2025-09-21 15:33:01,52283.67,52599.07,51679.98,52105.68,1247.4
2025-09-21 16:33:01,52776.99,52858.69,51975.18,52475.06,1057.15
2025-09-21 17:33:01,52001.05,52310.48,51922.71,52007.99,1528.85
2025-09-21 18:33:01,52496.88,52500.68,52066.98,52308.3,1289.55
2025-09-21 19:33:01,53060.24,53167.12,53060.24,53092.44,1137.22
2025-09-21 20:33:01,52519.05,53325.28,52265.98,52511.79,1297.44
2025-09-21 21:33:01,52623.86,52900.76,52623.86,52799.3,1357.61
2025-09-21 22:33:01,52589.56,52976.61,52589.56,52788.68,1151.07
2025-09-21 23:33:01,54382.36,54648.03,54382.36,54570.19,1017.0
2025-09-22 00:33:01,53039.62,53262.13,53010.0,53031.22,1101.45
2025-09-22 01:33:01,53642.13,53807.52,53553.57,53571.27,1125.52
2025-09-22 02:33:01,53265.58,53580.34,53054.63,53311.61,1276.6
2025-09-22 03:33:01,53317.32,53317.32,52918.6,53218.17,1133.4
2025-09-22 04:33:01,54853.81,54963.86,54652.49,54722.94,1556.13
2025-09-22 05:33:01,54488.99,54999.73,54074.99,54701.18,1164.51
2025-09-22 06:33:01,56577.84,56600.49,56412.08,56525.21,1110.43
2025-09-22 07:33:01,56191.82,56444.25,55857.41,56133.8,1303.66
2025-09-22 08:33:01,56462.71,56567.19,56222.6,56412.8,1009.0
2025-09-22 09:33:01,55929.71,56372.99,55827.54,55981.03,1200.12
2025-09-22 10:33:01,55345.75,55532.06,55148.96,55385.07,1394.41
2025-09-22 11:33:01,55531.39,55764.54,55301.7,55421.6,1237.68
2025-09-22 12:33:01,55159.23,55672.2,55023.99,55171.26,1312.63
2025-09-22 13:33:01,55438.11,55929.68,55250.65,55323.67,1770.26
2025-09-22 14:33:01,53760.86,53760.86,53455.21,53561.48,1392.3
2025-09-22 15:33:01,55290.52,55290.52,55144.0,55156.74,1121.62
2025-09-22 16:33:01,55119.64,55254.56,54736.04,55003.42,1315.3
2025-09-22 17:33:01,56264.27,56620.46,56264.27,56426.4,1319.4
2025-09-22 18:33:01,55413.42,55647.52,55413.42,55557.56,1118.36
2025-09-22 19:33:01,55560.22,56199.99,55560.22,55785.79,1296.91
2025-09-22 20:33:01,58337.59,58604.04,58272.89,58418.39,1258.15
2025-09-22 21:33:01,57583.05,58021.45,57583.05,57637.85,1342.11
2025-09-22 22:33:01,56425.12,56425.12,56055.59,56327.42,1403.84
2025-09-22 23:33:01,55782.47,56054.8,55373.9,55849.34,1404.97
2025-09-23 00:33:01,56183.25,56690.85,55839.16,56229.32,1442.06
2025-09-23 01:33:01,56686.69,57045.29,56652.0,56797.88,1054.45
2025-09-23 02:33:01,57858.05,57949.93,57447.37,57880.43,1404.99
2025-09-23 03:33:01,57606.73,57923.51,57340.69,57639.41,1231.64
2025-09-23 04:33:01,56225.08,56250.89,55897.15,56236.48,1343.4
2025-09-23 05:33:01,55899.75,56030.37,55591.07,55853.27,1055.95
2025-09-23 06:33:01,56876.1,57251.77,56614.89,56876.48,1139.31
2025-09-23 07:33:01,57441.09,57441.09,56625.11,57256.88,1531.69
2025-09-23 08:33:01,55652.24,55998.87,55407.75,55558.9,1196.26
2025-09-23 09:33:01,55531.03,55566.48,55200.3,55514.13,1428.91
2025-09-23 10:33:01,56771.55,56828.68,56562.44,56662.89,1054.77
2025-09-23 11:33:01,58282.2,58587.99,58207.19,58453.67,1079.46
2025-09-23 12:33:01,58916.58,59086.09,58708.5,58927.71,1081.01
2025-09-23 13:33:01,59045.12,59337.67,58487.94,59182.18,1034.78
2025-09-23 14:33:01,58252.29,58355.96,57895.8,58062.02,1066.49
2025-09-23 15:33:01,57247.13,57338.41,57166.34,57309.56,1249.13
2025-09-23 16:33:01,57239.19,57488.31,57239.19,57332.58,1007.97
2025-09-23 17:33:01,57773.61,58273.1,57624.43,57747.99,1133.87
2025-09-23 18:33:01,58375.82,58375.82,58084.83,58232.81,1046.35
2025-09-23 19:33:01,57761.12,58370.94,57390.52,57796.86,1338.21
2025-09-23 20:33:01,56712.15,57003.74,56556.11,56780.39,1234.85
2025-09-23 21:33:01,55899.08,56422.03,55899.08,56101.16,1121.66
2025-09-23 22:33:01,55148.96,55475.13,54984.13,55111.45,1189.03
2025-09-23 23:33:01,55823.43,55823.43,55453.55,55628.23,1311.54
2025-09-24 00:33:01,53783.78,53783.78,53512.12,53683.18,1167.42
2025-09-24 01:33:01,53220.93,53749.97,53220.93,53401.12,1381.72
2025-09-24 02:33:01,53752.89,53752.89,53600.63,53748.08,1129.68
2025-09-24 03:33:01,55004.25,55237.93,54716.79,54961.41,1162.26
2025-09-24 04:33:01,54680.24,55014.2,54680.24,55005.23,1350.46
2025-09-24 05:33:01,55683.73,55827.51,55683.73,55816.36,1185.99
2025-09-24 06:33:01,55483.72,55737.82,55406.2,55466.48,1017.31
2025-09-24 07:33:01,54999.86,55059.0,54778.72,54831.67,1163.06
2025-09-24 08:33:01,54031.25,54523.4,54031.25,54262.17,1139.94
2025-09-24 09:33:01,55648.65,55648.65,55129.95,55491.06,1127.45
2025-09-24 10:33:01,56266.28,56544.25,56266.28,56303.12,1073.05
2025-09-24 11:33:01,56694.22,57048.14,56566.94,56698.45,1241.31
2025-09-24 12:33:01,60056.58,60056.58,59178.71,59514.07,1264.02
2025-09-24 13:33:01,59319.67,59551.19,59319.67,59465.68,1518.28
2025-09-24 14:33:01,60272.32,60272.32,59954.72,59999.56,1237.31
2025-09-24 15:33:01,60049.61,60403.31,60049.61,60256.39,1082.75
2025-09-24 16:33:01,60134.02,60177.58,59980.55,60035.58,1259.7
2025-09-24 17:33:01,62290.81,62290.81,62026.37,62101.34,1209.0
2025-09-24 18:33:01,63604.05,63925.89,63421.42,63482.67,1547.97
2025-09-24 19:33:01,62063.81,62830.07,62063.81,62126.55,1512.22
2025-09-24 20:33:01,61496.0,61857.37,60889.47,61731.8,1104.85
2025-09-24 21:33:01,62018.95,62226.66,61949.85,62106.7,1135.31
2025-09-24 22:33:01,62578.98,63386.71,62578.98,62814.21,1392.9
2025-09-24 23:33:01,61678.84,61678.84,61483.54,61520.87,1405.94
2025-09-25 00:33:01,59372.97,59542.97,59322.08,59417.89,1241.09
2025-09-25 01:33:01,57645.47,57722.2,57444.36,57699.38,1254.19
2025-09-25 02:33:01,57624.0,57699.02,57123.22,57620.14,1052.66
2025-09-25 03:33:01,57568.14,57976.54,57102.92,57513.32,1068.23
2025-09-25 04:33:01,57771.89,57874.91,57595.79,57793.63,1187.11
2025-09-25 05:33:01,57374.82,57374.82,57046.3,57108.6,1206.42
2025-09-25 06:33:01,55977.58,56356.28,55747.29,56042.77,1252.46
2025-09-25 07:33:01,54344.71,54668.23,54207.38,54326.07,1070.34
2025-09-25 08:33:01,54769.6,54875.92,54197.15,54580.0,1010.29
2025-09-25 09:33:01,54844.34,54872.02,54690.3,54868.38,1060.05
2025-09-25 10:33:01,55604.52,55807.95,55574.49,55670.77,1218.96
2025-09-25 11:33:01,56227.22,56407.91,56194.85,56315.47,1449.85
2025-09-25 12:33:01,56259.66,56575.98,55995.29,56138.05,1158.97
2025-09-25 13:33:01,57466.02,57675.27,57216.51,57258.08,1004.01
2025-09-25 14:33:01,57134.77,57136.46,56972.91,57123.7,1067.5
2025-09-25 15:33:01,56553.05,56962.33,56105.06,56540.34,1365.71
2025-09-25 16:33:01,56117.3,56844.35,55950.42,56082.29,1266.14
2025-09-25 17:33:01,55510.13,55691.81,55510.13,55574.25,1239.93
2025-09-25 18:33:01,53929.03,54264.47,53451.67,53753.29,1003.18
2025-09-25 19:33:01,53862.26,54009.52,53716.18,53865.58,1038.42
2025-09-25 20:33:01,53935.86,54060.33,53882.55,54053.62,1072.72
2025-09-25 21:33:01,53858.51,54118.14,53585.07,53745.83,1230.86
2025-09-25 22:33:01,53188.28,53642.3,53051.99,53156.6,1006.15
2025-09-25 23:33:01,53668.56,53796.46,52927.48,53439.9,1064.92
2025-09-26 00:33:01,54859.36,54940.91,54783.31,54802.7,1383.48
2025-09-26 01:33:01,54670.35,54941.51,54447.84,54819.35,1212.71
2025-09-26 02:33:01,54290.45,54878.37,54261.69,54387.1,1355.86
2025-09-26 03:33:01,53777.45,53926.0,53777.45,53890.21,1603.59
2025-09-26 04:33:01,53775.75,54013.2,53518.09,53819.93,1268.08
2025-09-26 05:33:01,52695.04,52987.12,52516.26,52785.07,1874.57
2025-09-26 06:33:01,52644.85,52781.41,52544.88,52673.1,1249.42
2025-09-26 07:33:01,52858.25,52970.89,52443.83,52708.77,1059.56
2025-09-26 08:33:01,54129.89,54825.4,54129.89,54154.52,1213.2
2025-09-26 09:33:01,54918.78,54994.91,54812.83,54906.77,1087.14
2025-09-26 10:33:01,55624.71,56064.75,55516.36,55743.49,1402.35
2025-09-26 11:33:01,55216.24,55348.9,54834.57,55131.61,1180.37
2025-09-26 12:33:01,55825.38,55825.38,55548.05,55670.49,1157.99
2025-09-26 13:33:01,54672.51,55178.99,54438.17,54703.37,1378.2
2025-09-26 14:33:01,54898.53,55334.0,54898.53,54944.65,1153.85
2025-09-26 15:33:01,55235.59,55698.97,55220.43,55274.81,1274.46
2025-09-26 16:33:01,54678.13,54774.44,54265.83,54624.09,1179.66
2025-09-26 17:33:01,56176.88,56678.68,56176.88,56247.68,1121.96
2025-09-26 18:33:01,57010.61,57135.72,56348.76,56710.14,1518.94
2025-09-26 19:33:01,54993.04,55144.2,54993.04,55074.87,1365.26
2025-09-26 20:33:01,55804.0,55862.79,55448.42,55516.52,1009.83
2025-09-26 21:33:01,55058.85,55228.45,55058.85,55161.73,1435.94
2025-09-26 22:33:01,55122.13,55317.74,55049.84,55147.71,1272.33
2025-09-26 23:33:01,55518.29,55590.72,55158.75,55517.85,1155.16
2025-09-27 00:33:01,55937.39,55985.84,55536.54,55827.56,1036.77
2025-09-27 01:33:01,54101.87,54296.08,54023.05,54104.12,1146.38
2025-09-27 02:33:01,53173.01,53300.96,52892.91,53149.96,1407.64
2025-09-27 03:33:01,53619.71,54256.0,53539.6,53752.79,1422.58
2025-09-27 04:33:01,54846.75,55019.85,54577.09,54788.18,1414.1
2025-09-27 05:33:01,56393.67,56563.27,56322.34,56337.45,1247.03
2025-09-27 06:33:01,57792.36,58089.71,57696.49,57844.9,1283.58
2025-09-27 07:33:01,56028.46,56788.98,55942.0,56043.52,1238.5
2025-09-27 08:33:01,56569.93,56724.56,56532.72,56674.35,1035.86
2025-09-27 09:33:01,55197.37,55197.37,54920.5,55028.6,1139.18
2025-09-27 10:33:01,56387.86,56716.5,55978.05,56345.49,1515.88
2025-09-27 11:33:01,56829.23,56829.23,56339.08,56543.27,1014.81
2025-09-27 12:33:01,55564.56,55766.72,55273.69,55558.85,1029.5
2025-09-27 13:33:01,56970.53,57480.65,56905.68,57218.3,1015.46
2025-09-27 14:33:01,57519.32,57758.52,57444.93,57753.79,1020.05
2025-09-27 15:33:01,56078.45,56227.79,55894.45,56097.72,1105.31
2025-09-27 16:33:01,56324.32,56333.52,55884.47,56328.57,1564.11
2025-09-27 17:33:01,55593.04,56040.92,55425.03,55694.48,1088.03
2025-09-27 18:33:01,55762.41,56028.23,55655.79,55771.76,1132.51
2025-09-27 19:33:01,55317.41,55450.57,55317.41,55366.82,1291.9
2025-09-27 20:33:01,56468.99,56616.9,56289.72,56492.14,1018.01
2025-09-27 21:33:01,55065.8,55509.4,55065.8,55269.58,1024.12
2025-09-27 22:33:01,55571.62,55759.31,55502.41,55517.45,1152.82
2025-09-27 23:33:01,56970.68,57487.01,56869.96,57012.72,1172.21
2025-09-28 00:33:01,56385.14,56559.25,55998.21,56288.5,1199.64
2025-09-28 01:33:01,56553.46,56553.46,56370.73,56450.07,1128.15
2025-09-28 02:33:01,56360.94,56718.07,56360.94,56604.66,1028.2
2025-09-28 03:33:01,55895.42,56078.37,55874.17,56002.45,1190.41
2025-09-28 04:33:01,56664.26,56664.26,56321.51,56530.71,1102.87
2025-09-28 05:33:01,56594.39,56793.56,56525.48,56596.47,1271.52
2025-09-28 06:33:01,55672.93,55951.62,55672.93,55778.67,1526.19
2025-09-28 07:33:01,57254.21,57359.16,57208.79,57237.13,1413.05
2025-09-28 08:33:01,58096.95,58620.57,57532.11,57899.54,1294.02
2025-09-28 09:33:01,57586.03,58029.43,57502.11,57736.51,1030.42
2025-09-28 10:33:01,57174.51,57689.79,57064.0,57167.38,1265.7
2025-09-28 11:33:01,56699.38,56699.38,56054.73,56477.61,1128.76
2025-09-28 12:33:01,57546.31,57730.59,57195.72,57503.95,1193.1
2025-09-28 13:33:01,57230.67,57686.06,57230.67,57360.1,1447.1
2025-09-28 14:33:01,57826.82,57826.82,57644.46,57738.04,1093.52
2025-09-28 15:33:01,57534.99,57775.81,57503.72,57560.55,1165.05
2025-09-28 16:33:01,58218.85,58223.68,57991.52,58075.2,1101.07
2025-09-28 17:33:01,58033.44,58033.44,57926.81,57956.09,1194.69
2025-09-28 18:33:01,58568.79,59180.72,58194.0,58602.19,1171.91
2025-09-28 19:33:01,58405.58,58914.78,57913.87,58422.53,1238.2
2025-09-28 20:33:01,59162.49,59418.12,58481.26,59131.11,1297.45
2025-09-28 21:33:01,59826.66,59826.66,59596.69,59708.36,1123.4
2025-09-28 22:33:01,59533.28,60205.79,59533.28,59584.22,1367.84
2025-09-28 23:33:01,58217.45,58815.39,58217.45,58796.19,1135.97
2025-09-29 00:33:01,57853.18,57969.93,57822.26,57948.27,1270.95
2025-09-29 01:33:01,57451.74,57871.25,56384.43,57286.45,1110.94
2025-09-29 02:33:01,56296.95,56959.32,56296.95,56423.2,1308.12
2025-09-29 03:33:01,57310.69,57606.95,56968.1,57139.54,1160.49
2025-09-29 04:33:01,57064.89,57496.65,57023.91,57082.46,1222.66
2025-09-29 05:33:01,58336.63,59084.96,58063.53,58409.75,1337.67
2025-09-29 06:33:01,60269.37,61219.66,60129.67,60388.37,1126.31
2025-09-29 07:33:01,60448.94,60716.69,60204.59,60389.92,1071.43
2025-09-29 08:33:01,58968.68,59320.86,58308.03,58967.26,1047.63
2025-09-29 09:33:01,58289.62,58758.72,58289.62,58610.9,1148.12
2025-09-29 10:33:01,58552.73,58740.71,58140.76,58526.04,1449.23
2025-09-29 11:33:01,56967.5,57446.09,56877.3,57200.83,1281.3
2025-09-29 12:33:01,56917.7,57036.28,56701.68,56968.7,1204.74
2025-09-29 13:33:01,57260.23,57340.68,57087.36,57196.94,1504.13
2025-09-29 14:33:01,56735.3,56944.94,56387.1,56785.57,1362.08
2025-09-29 15:33:01,55811.79,56770.71,55811.79,56114.25,1049.12
2025-09-29 16:33:01,55413.83,55651.29,55313.49,55459.48,1160.14
2025-09-29 17:33:01,57095.32,57337.69,56610.01,56930.35,1693.64
2025-09-29 18:33:01,57064.32,57064.32,56068.29,56777.09,1075.14
2025-09-29 19:33:01,55864.08,56069.1,55548.2,56053.5,1207.57
2025-09-29 20:33:01,55592.89,55763.79,55124.08,55723.91,1314.74
2025-09-29 21:33:01,56906.23,56906.23,56445.38,56505.88,1308.02
2025-09-29 22:33:01,56025.23,56415.09,55536.33,55909.04,1401.76
2025-09-29 23:33:01,56333.59,56747.71,56088.55,56297.23,1000.32
2025-09-30 00:33:01,56963.56,57002.19,56889.91,56895.6,1296.26
2025-09-30 01:33:01,57141.1,57520.31,57141.1,57518.03,1261.67
2025-09-30 02:33:01,58835.47,58935.13,58441.25,58708.12,1275.53
2025-09-30 03:33:01,58045.45,58402.54,57927.3,58204.65,1068.76
2025-09-30 04:33:01,59303.19,59338.13,58663.58,59175.4,1073.18
2025-09-30 05:33:01,58435.3,58698.39,58342.95,58452.46,1140.06
2025-09-30 06:33:01,57904.74,58333.37,57904.74,58086.33,1106.37
2025-09-30 07:33:01,58996.86,59188.43,58771.88,59110.39,1074.84
2025-09-30 08:33:01,59788.66,59828.57,59652.44,59820.44,1134.97
2025-09-30 09:33:01,59862.76,59914.15,59639.34,59802.5,1170.75
2025-09-30 10:33:01,58480.09,59135.86,58480.09,58713.96,1023.36
2025-09-30 11:33:01,59236.98,59429.45,59182.52,59189.9,1516.8
2025-09-30 12:33:01,58725.0,58855.49,58453.16,58611.04,1225.13
2025-09-30 13:33:01,57613.71,57886.21,57574.77,57780.18,1021.3
2025-09-30 14:33:01,57305.06,57305.06,57087.29,57200.66,1503.13
2025-09-30 15:33:01,57529.79,57667.22,57291.4,57394.95,1440.26
2025-09-30 16:33:01,55645.83,55645.83,55258.9,55551.51,1248.47
2025-09-30 17:33:01,55947.52,56369.82,55629.77,55836.57,1028.0
2025-09-30 18:33:01,56075.82,56278.31,55933.48,55966.39,1464.03
2025-09-30 19:33:01,55408.74,55634.67,55401.54,55459.72,1208.21
2025-09-30 20:33:01,56272.48,56599.14,55937.41,56306.87,1542.81
2025-09-30 21:33:01,56672.53,56986.93,56672.53,56806.99,1587.55
2025-09-30 22:33:01,56319.35,56398.62,55699.52,56273.57,1120.32
2025-09-30 23:33:01,55565.32,55708.51,55330.67,55691.73,1644.37
2025-10-01 00:33:01,56055.7,56264.73,56055.7,56256.75,1110.54
2025-10-01 01:33:01,54876.58,55056.57,54876.58,54961.15,1799.04
2025-10-01 02:33:01,54605.72,54743.72,54605.72,54671.97,1792.93
2025-10-01 03:33:01,54323.44,54513.6,53285.25,54139.79,1396.43
2025-10-01 04:33:01,54479.85,54550.55,54152.9,54182.4,1095.88
2025-10-01 05:33:01,54428.21,54428.21,54131.22,54339.81,1111.03
2025-10-01 06:33:01,54427.26,54549.45,53821.83,54355.45,1095.4
2025-10-01 07:33:01,55246.01,55642.25,54981.03,55266.38,1145.95
2025-10-01 08:33:01,55317.57,55520.57,55042.48,55440.17,1634.2
2025-10-01 09:33:01,55138.36,55395.12,55045.26,55162.78,1083.55
2025-10-01 10:33:01,54261.44,54472.45,53990.81,54145.71,1256.64
2025-10-01 11:33:01,54693.93,54929.35,54659.27,54717.84,1026.59
2025-10-01 12:33:01,55002.84,55288.3,54807.59,55136.61,1611.17
2025-10-01 13:33:01,56411.77,56463.99,56219.74,56321.36,1018.04
2025-10-01 14:33:01,55656.61,56300.29,55628.67,55673.58,1104.74
2025-10-01 15:33:01,55838.95,55895.65,55618.59,55679.96,1045.25
2025-10-01 16:33:01,55560.46,55734.55,55513.75,55615.26,1320.36
2025-10-01 17:33:01,55428.82,55575.01,55425.68,55526.56,1374.34
2025-10-01 18:33:01,55608.16,55719.37,55446.96,55519.69,1221.0
2025-10-01 19:33:01,53805.14,54473.57,53805.14,54076.31,1155.81
2025-10-01 20:33:01,54830.75,55028.5,54603.53,54731.41,1161.84
2025-10-01 21:33:01,55024.49,55259.31,54915.26,55252.95,1193.09
2025-10-01 22:33:01,55942.64,56207.87,55908.31,56174.62,1001.06
2025-10-01 23:33:01,57942.34,58374.5,57659.46,58053.98,1083.86
2025-10-02 00:33:01,57751.56,58289.95,57348.14,57758.17,1053.23
2025-10-02 01:33:01,57848.25,57848.25,57439.53,57709.1,1266.56
2025-10-02 02:33:01,57630.37,58223.81,57471.09,57699.86,1328.98
2025-10-02 03:33:01,59136.34,59901.93,59136.34,59363.12,1064.82
2025-10-02 04:33:01,57963.02,58081.01,57606.22,57802.19,1577.48
2025-10-02 05:33:01,58030.56,58331.09,57942.35,58205.57,1036.83
2025-10-02 06:33:01,56934.33,57193.15,56411.79,56903.2,1004.42
2025-10-02 07:33:01,54578.63,54719.14,54347.49,54682.81,1031.48
2025-10-02 08:33:01,53250.19,53250.19,53003.35,53010.55,1267.59
2025-10-02 09:33:01,51792.36,52535.94,51728.77,51898.82,1198.26
2025-10-02 10:33:01,52866.91,52890.14,52715.42,52719.13,1247.1
2025-10-02 11:33:01,52056.11,52454.93,51923.25,52019.73,1440.93
2025-10-02 12:33:01,51725.7,51857.83,51691.43,51830.22,1247.19
2025-10-02 13:33:01,50971.9,51192.61,50877.3,50913.82,1824.27
2025-10-02 14:33:01,51172.13,51668.77,51045.42,51369.49,1033.08
2025-10-02 15:33:01,50442.43,50906.01,50343.06,50509.01,1300.49
2025-10-02 16:33:01,51359.51,51851.45,51120.43,51496.8,1131.23
2025-10-02 17:33:01,50556.06,51043.07,50513.92,50718.18,1078.59
2025-10-02 18:33:01,50124.06,50485.51,49931.38,50125.6,1259.34
2025-10-02 19:33:01,50251.12,50329.63,49823.49,50207.76,1175.1
2025-10-02 20:33:01,50128.09,50287.44,50128.09,50216.17,1513.52
2025-10-02 21:33:01,51173.04,51376.13,50960.46,51279.09,1579.1
2025-10-02 22:33:01,51139.26,51383.22,51077.22,51360.42,1057.01
2025-10-02 23:33:01,50488.76,50522.26,50283.2,50418.54,1182.44
2025-10-03 00:33:01,50156.49,50380.21,49830.39,49984.35,1066.5
2025-10-03 01:33:01,49706.3,49706.3,49293.62,49544.91,1185.51
2025-10-03 02:33:01,50159.05,50487.18,49979.07,50074.2,1160.03
2025-10-03 03:33:01,50398.89,50825.15,49855.89,50352.4,1623.83
2025-10-03 04:33:01,50365.95,50554.58,49776.49,50251.87,1603.16
2025-10-03 05:33:01,50969.61,50969.61,50739.41,50897.11,1555.12
2025-10-03 06:33:01,50546.85,50647.78,50373.02,50482.73,1327.75
2025-10-03 07:33:01,50291.98,50545.66,50137.11,50369.09,1192.75
2025-10-03 08:33:01,50351.71,50861.37,50351.71,50495.29,1127.23
2025-10-03 09:33:01,51632.89,51760.42,51625.62,51642.28,1074.78
2025-10-03 10:33:01,51745.45,51985.81,51339.77,51554.31,1508.4
2025-10-03 11:33:01,51364.46,51364.46,50970.32,51271.48,1203.8
2025-10-03 12:33:01,50429.08,50646.6,50213.69,50455.88,1194.49
2025-10-03 13:33:01,50980.01,51004.57,50934.68,50964.66,1248.88
2025-10-03 14:33:01,50681.14,50934.04,50366.03,50504.46,1158.76
2025-10-03 15:33:01,50644.99,50891.49,50644.99,50754.32,1203.45
2025-10-03 16:33:01,49256.44,49471.46,49169.36,49295.84,1112.98
2025-10-03 17:33:01,50253.2,50253.2,49955.46,50057.91,1223.97
2025-10-03 18:33:01,48787.01,49174.49,48433.49,49047.75,1355.31
2025-10-03 19:33:01,48527.36,48902.34,48367.55,48466.8,1635.9
2025-10-03 20:33:01,49278.47,49404.41,49082.33,49227.92,1022.75
2025-10-03 21:33:01,48073.14,48359.89,48073.14,48233.29,1139.72
2025-10-03 22:33:01,48140.62,48368.55,48128.69,48167.57,1164.64
2025-10-03 23:33:01,48204.82,48342.81,48138.78,48213.06,1441.6
2025-10-04 00:33:01,47463.21,47494.38,47455.69,47482.69,1115.14
2025-10-04 01:33:01,48535.87,48665.36,48209.13,48431.7,1170.73
2025-10-04 02:33:01,49347.73,49534.96,49347.73,49512.09,1139.43
2025-10-04 03:33:01,47957.07,48373.83,47938.72,48038.3,1128.36
2025-10-04 04:33:01,46937.8,47064.77,46932.47,46986.16,1029.28
2025-10-04 05:33:01,47585.8,47665.52,47463.81,47548.8,1063.51
2025-10-04 06:33:01,46753.24,46759.45,46588.77,46611.9,1139.86
2025-10-04 07:33:01,46365.08,46678.24,46315.09,46333.56,1204.65
2025-10-04 08:33:01,46374.85,46420.89,46227.41,46417.26,1447.65
2025-10-04 09:33:01,46769.6,46898.57,46521.36,46892.55,1083.06
2025-10-04 10:33:01,46803.64,46844.6,46492.5,46728.63,1022.92
2025-10-04 11:33:01,46873.4,46895.27,46782.36,46788.64,1250.72
2025-10-04 12:33:01,46248.52,46250.5,46133.36,46236.72,1038.78
2025-10-04 13:33:01,47331.86,47331.86,47019.94,47126.8,1188.64
2025-10-04 14:33:01,46880.28,47123.22,46443.63,46769.54,1562.22
2025-10-04 15:33:01,46939.64,47131.73,46926.68,47001.1,1201.32
2025-10-04 16:33:01,46467.57,46828.63,46288.16,46633.39,1459.74
2025-10-04 17:33:01,46808.93,46937.64,46604.38,46701.13,1232.29
2025-10-04 18:33:01,46726.03,46726.03,46234.61,46576.63,1133.86
2025-10-04 19:33:01,46402.11,46776.22,46402.11,46456.55,1034.61
2025-10-04 20:33:01,45719.8,45818.65,45617.57,45743.64,1346.49
2025-10-04 21:33:01,46119.38,46440.1,46119.38,46284.36,1122.74
2025-10-04 22:33:01,47281.97,47469.54,47223.76,47259.79,1229.3
2025-10-04 23:33:01,47414.48,47839.88,47301.16,47424.9,1128.88
2025-10-05 00:33:01,47957.89,47994.71,47876.03,47938.44,1019.0
2025-10-05 01:33:01,48357.88,48743.35,48357.88,48533.13,1043.23
2025-10-05 02:33:01,49065.27,49520.76,48576.81,49200.17,1131.58
2025-10-05 03:33:01,49387.1,49611.51,49035.18,49414.85,1364.94
2025-10-05 04:33:01,49676.9,49768.31,49560.72,49562.77,1132.12
2025-10-05 05:33:01,50059.56,50416.9,50025.26,50195.54,1100.2
2025-10-05 06:33:01,50179.64,50243.62,50146.06,50237.17,1341.17
2025-10-05 07:33:01,49457.33,49886.34,49426.46,49493.03,1222.43
2025-10-05 08:33:01,49493.82,49510.88,49423.08,49501.24,1073.51
2025-10-05 09:33:01,48139.81,48429.75,47945.07,48089.56,1521.58
2025-10-05 10:33:01,48153.1,48187.06,47628.43,48077.21,1142.55
2025-10-05 11:33:01,48370.15,48406.94,48015.25,48367.24,1247.2
2025-10-05 12:33:01,49254.79,49408.24,49251.34,49255.59,1343.63
2025-10-05 13:33:01,49286.55,49539.74,49203.92,49358.1,1203.96
2025-10-05 14:33:01,49765.92,50044.83,49745.54,50035.91,1065.49
2025-10-05 15:33:01,50161.17,50161.17,49978.84,50025.47,1387.75
2025-10-05 16:33:01,49277.72,49373.81,48892.27,49247.45,1031.37
2025-10-05 17:33:01,48110.43,48311.47,48110.43,48195.6,1306.61
2025-10-05 18:33:01,47464.49,47861.61,47293.95,47486.35,1462.43
2025-10-05 19:33:01,46525.51,46555.59,46372.23,46505.76,1302.74
2025-10-05 20:33:01,46886.39,47229.28,46886.39,46941.32,1148.32
2025-10-05 21:33:01,46738.58,46884.93,46576.59,46788.2,1504.23
2025-10-05 22:33:01,47126.56,47291.36,47126.56,47181.67,1589.05
2025-10-05 23:33:01,47092.23,47502.74,47062.03,47226.46,1045.53
2025-10-06 00:33:01,47707.2,48218.7,47632.57,47958.83,1233.8
2025-10-06 01:33:01,48706.27,48927.88,48638.09,48713.56,1526.48
2025-10-06 02:33:01,48248.67,48415.47,47947.57,48233.29,1164.85
2025-10-06 03:33:01,47934.47,48097.88,47684.14,48026.59,1205.5
2025-10-06 04:33:01,47489.12,47804.95,47236.8,47634.72,1295.55
2025-10-06 05:33:01,46435.42,46474.53,45955.88,46468.62,1018.63
2025-10-06 06:33:01,46862.17,47119.86,46326.12,46932.8,1153.52
2025-10-06 07:33:01,47859.34,47859.34,47446.49,47762.77,1002.5
2025-10-06 08:33:01,47524.3,47951.6,47524.3,47750.4,1166.67
2025-10-06 09:33:01,47330.68,47928.36,47282.66,47389.4,1176.69
2025-10-06 10:33:01,48306.04,48306.04,47954.73,48157.47,1431.77
2025-10-06 11:33:01,46419.8,46494.78,46189.75,46455.4,1090.73
2025-10-06 12:33:01,46644.57,46765.6,46410.2,46572.61,1387.14
2025-10-06 13:33:01,46560.91,46703.46,46545.5,46666.14,1007.71
2025-10-06 14:33:01,46478.4,46703.7,46159.5,46259.87,1130.7
2025-10-06 15:33:01,47229.69,47487.33,47088.58,47219.23,1096.24
2025-10-06 16:33:01,47828.63,48039.86,47828.63,47899.57,1051.96
2025-10-06 17:33:01,47549.41,47880.41,47509.46,47704.03,1140.52
2025-10-06 18:33:01,47678.32,48017.01,47206.4,47634.29,1482.87
2025-10-06 19:33:01,47113.1,47635.44,47113.1,47349.4,1018.35
2025-10-06 20:33:01,47183.41,47279.5,46946.29,46978.33,1074.61
2025-10-06 21:33:01,45823.51,46230.28,45780.26,46049.49,1571.81
2025-10-06 22:33:01,46981.24,47378.89,46795.5,46996.63,1045.89
2025-10-06 23:33:01,47880.38,47880.38,47711.52,47714.32,1117.04
2025-10-07 00:33:01,48044.95,48756.41,48021.84,48277.87,1121.86
2025-10-07 01:33:01,47327.89,47806.14,47327.89,47477.11,1413.34
2025-10-07 02:33:01,48928.79,49207.66,48752.33,48951.52,1200.16
2025-10-07 03:33:01,50468.38,50739.32,50336.49,50396.55,1290.85
2025-10-07 04:33:01,50598.27,50598.27,50238.07,50528.31,1271.87
2025-10-07 05:33:01,49944.01,50073.1,49825.42,49832.45,1043.6
2025-10-07 06:33:01,49264.22,49313.03,49051.53,49174.98,1661.1
2025-10-07 07:33:01,49353.55,49654.9,49202.19,49474.53,1390.51
2025-10-07 08:33:01,48953.66,48953.66,48519.24,48787.49,1087.45
2025-10-07 09:33:01,48795.58,48910.11,48716.69,48753.67,1310.95
2025-10-07 10:33:01,49528.5,49549.34,49435.19,49541.05,1037.41
2025-10-07 11:33:01,48511.44,48576.72,48299.07,48411.76,1098.77
2025-10-07 12:33:01,49779.75,50268.41,49034.04,49859.86,1377.57
2025-10-07 13:33:01,51032.23,51664.93,50643.0,51021.74,1612.67
2025-10-07 14:33:01,49949.7,50245.58,49800.47,50063.95,1439.39
2025-10-07 15:33:01,49238.23,49238.23,48757.29,48992.3,1278.72
2025-10-07 16:33:01,48750.15,48856.61,48582.49,48775.02,1473.19
2025-10-07 17:33:01,48164.82,48247.7,47706.03,48011.84,1084.64
2025-10-07 18:33:01,47767.27,47837.91,47688.42,47813.9,1727.22
2025-10-07 19:33:01,46204.42,46204.42,45669.68,45954.84,1035.36
2025-10-07 20:33:01,45859.43,45859.43,45478.6,45791.23,1088.62
2025-10-07 21:33:01,47049.01,47489.1,46925.87,47023.77,1454.21
2025-10-07 22:33:01,46199.42,46313.75,45834.23,46229.14,1430.31
2025-10-07 23:33:01,45967.07,46467.91,45967.07,46033.56,1260.56
2025-10-08 00:33:01,45018.59,45050.13,44934.87,44998.95,1105.15
2025-10-08 01:33:01,45387.71,45703.88,45279.27,45424.75,1016.15
2025-10-08 02:33:01,45177.8,45489.76,45100.98,45265.8,1446.22
2025-10-08 03:33:01,46542.05,46615.16,46252.67,46578.26,1370.86
2025-10-08 04:33:01,46623.24,46981.77,46404.54,46716.2,1617.92
2025-10-08 05:33:01,46574.97,46683.36,46127.79,46448.68,1040.46
2025-10-08 06:33:01,46700.59,46920.08,46700.59,46825.62,1348.73
2025-10-08 07:33:01,46486.57,46672.4,46180.18,46463.23,1195.63
2025-10-08 08:33:01,45386.68,45694.67,45386.68,45523.34,1162.12
2025-10-08 09:33:01,45496.66,45755.61,45496.66,45724.0,1135.36
2025-10-08 10:33:01,45797.59,45952.28,45209.08,45598.34,1360.41
2025-10-08 11:33:01,45714.52,45802.48,45690.09,45706.5,1305.79
2025-10-08 12:33:01,45926.17,46120.97,45773.07,45958.2,1006.94
2025-10-08 13:33:01,45698.19,46093.52,45469.64,45600.44,1218.76
2025-10-08 14:33:01,45951.88,46101.5,45797.2,45883.2,1100.12
2025-10-08 15:33:01,47264.99,47264.99,46896.85,47073.29,1350.99
2025-10-08 16:33:01,46130.61,46645.78,45606.05,46284.0,1367.77
2025-10-08 17:33:01,47526.83,47556.21,47461.54,47483.94,1393.49
2025-10-08 18:33:01,47312.04,47523.6,47092.19,47303.52,1303.36
2025-10-08 19:33:01,46847.79,46998.38,46489.4,46752.25,1212.37
2025-10-08 20:33:01,48498.83,48572.06,48128.36,48447.67,1136.21
2025-10-08 21:33:01,48505.61,48853.99,48340.06,48551.88,1128.43
2025-10-08 22:33:01,49544.19,49780.89,49355.22,49541.36,1087.61
2025-10-08 23:33:01,50233.16,50544.21,49697.5,50139.39,1323.99
2025-10-09 00:33:01,48770.75,49161.97,48669.22,48865.29,1161.71
2025-10-09 01:33:01,48920.71,49107.04,48800.77,48944.98,1451.57
2025-10-09 02:33:01,48498.66,48839.83,48466.21,48550.36,1227.62
2025-10-09 03:33:01,47533.58,47609.31,47492.97,47564.64,1051.77
2025-10-09 04:33:01,46291.7,46313.5,46234.8,46293.02,1266.18
2025-10-09 05:33:01,46222.57,46474.02,45931.94,46357.75,1356.12
2025-10-09 06:33:01,46760.78,46855.1,46497.56,46761.84,1045.14
2025-10-09 07:33:01,47228.48,47250.71,46961.59,47029.1,1026.17
2025-10-09 08:33:01,46837.09,46999.34,46533.48,46806.33,1282.39
2025-10-09 09:33:01,46047.45,46403.82,46004.85,46238.89,1143.99
2025-10-09 10:33:01,45666.31,45842.81,45410.14,45548.18,1177.84
2025-10-09 11:33:01,45110.85,45210.37,44848.96,45163.33,1479.54
2025-10-09 12:33:01,44469.17,44531.36,44249.88,44458.33,1067.54
2025-10-09 13:33:01,44359.25,44569.67,44121.89,44318.31,1196.86
2025-10-09 14:33:01,44241.33,44338.84,44123.33,44298.78,1324.38
2025-10-09 15:33:01,43787.35,43787.35,43111.54,43699.11,1210.0
2025-10-09 16:33:01,43515.88,43846.78,43137.38,43543.3,1119.23
2025-10-09 17:33:01,43024.87,43188.05,42915.28,43043.16,1162.75
2025-10-09 18:33:01,42869.38,43205.97,42803.92,43037.23,1289.92
2025-10-09 19:33:01,43289.63,43383.56,43143.36,43361.55,1363.51
2025-10-09 20:33:01,43484.32,43823.02,43225.53,43474.04,1280.91
2025-10-09 21:33:01,43828.93,43935.83,43693.85,43778.46,1381.3
2025-10-09 22:33:01,42756.5,42832.59,42656.97,42689.84,1309.07
2025-10-09 23:33:01,42496.63,42701.56,42331.61,42444.66,1179.55
2025-10-10 00:33:01,42632.5,42933.72,42376.77,42618.4,1043.48
2025-10-10 01:33:01,43005.82,43149.37,43002.74,43025.66,1377.34
2025-10-10 02:33:01,42116.78,42116.78,41834.55,41991.31,1379.19
2025-10-10 03:33:01,42117.57,42156.44,41936.84,42089.58,1321.76
2025-10-10 04:33:01,42768.52,43337.77,42625.29,42849.16,1475.11
2025-10-10 05:33:01,42657.36,42771.28,42639.66,42731.51,1281.23
2025-10-10 06:33:01,42658.31,42787.59,42239.71,42668.04,1270.47
2025-10-10 07:33:01,42840.56,43308.88,42645.71,42953.67,1081.43
2025-10-10 08:33:01,43038.71,43233.36,43019.09,43109.94,1044.38
2025-10-10 09:33:01,43585.01,43739.9,43264.46,43543.08,1037.45
2025-10-10 10:33:01,43633.03,43800.17,43473.09,43586.84,1225.87
2025-10-10 11:33:01,43712.97,43882.77,43574.08,43682.95,1280.46
2025-10-10 12:33:01,43146.47,43306.13,43120.83,43166.58,1074.96
2025-10-10 13:33:01,43136.18,43301.98,42870.39,43053.05,1278.71
2025-10-10 14:33:01,43652.68,44077.12,43640.43,43859.26,1067.58
2025-10-10 15:33:01,43706.56,44033.66,43512.82,43721.08,1354.91
2025-10-10 16:33:01,43801.48,43801.48,43556.35,43606.81,1072.31
2025-10-10 17:33:01,43187.26,43487.24,42980.06,43281.71,1033.57
2025-10-10 18:33:01,43823.31,44126.81,43693.54,43789.49,1216.01
2025-10-10 19:33:01,43156.02,43246.82,43112.69,43224.31,1219.84
2025-10-10 20:33:01,43971.08,43971.08,43682.73,43811.43,1096.62
2025-10-10 21:33:01,43200.61,43466.88,43172.7,43191.86,1258.36
2025-10-10 22:33:01,42595.63,42771.02,42422.25,42503.36,1245.37
2025-10-10 23:33:01,42841.54,42887.92,42622.59,42632.15,1253.85
2025-10-11 00:33:01,42872.02,42872.02,42661.17,42712.77,1009.68
2025-10-11 01:33:01,42780.36,43122.08,42780.36,42900.7,1261.67
2025-10-11 02:33:01,43674.77,43783.41,43577.12,43581.55,1262.09
2025-10-11 03:33:01,43096.38,43589.12,43096.38,43308.31,1268.71
2025-10-11 04:33:01,43648.41,43897.37,43273.72,43592.78,1109.7
2025-10-11 05:33:01,43051.42,43121.27,42835.77,42994.27,1440.42
2025-10-11 06:33:01,43740.87,43909.09,43740.87,43803.33,1030.14
2025-10-11 07:33:01,44248.63,44248.63,44110.93,44215.08,1286.58
2025-10-11 08:33:01,44597.61,44673.71,44421.52,44566.7,1072.93
2025-10-11 09:33:01,44901.95,44901.95,44205.89,44687.73,1274.59
2025-10-11 10:33:01,44011.83,44332.28,44011.83,44156.44,1523.77
2025-10-11 11:33:01,43844.32,44071.59,43785.23,43935.45,1131.11
2025-10-11 12:33:01,44176.54,44571.12,44176.54,44262.2,1396.83
2025-10-11 13:33:01,44237.24,44307.94,44085.39,44245.21,1039.4
2025-10-11 14:33:01,44325.74,44375.63,44322.73,44323.09,1558.84
2025-10-11 15:33:01,43315.14,44029.82,43315.14,43414.69,1315.07
2025-10-11 16:33:01,43509.43,43706.18,43175.74,43529.21,1118.48
2025-10-11 17:33:01,43271.79,43271.79,42986.74,43073.89,1238.88
2025-10-11 18:33:01,42351.38,42470.62,42204.93,42370.87,1154.88
2025-10-11 19:33:01,42211.11,42356.33,42020.26,42270.18,1021.39
2025-10-11 20:33:01,41115.49,41300.37,41028.31,41090.79,1199.59
2025-10-11 21:33:01,41274.42,42004.16,41274.42,41520.27,1391.26
2025-10-11 22:33:01,41976.02,42319.78,41760.92,42049.39,1377.36
2025-10-11 23:33:01,41838.23,42070.86,41838.23,42013.64,1322.65
2025-10-12 00:33:01,41418.94,41440.64,41118.55,41385.34,1146.96
2025-10-12 01:33:01,40856.61,40856.61,40533.65,40797.09,1450.67
2025-10-12 02:33:01,40791.75,40791.75,40681.51,40703.81,1347.59
2025-10-12 03:33:01,39234.59,39288.6,38853.43,39223.28,1001.45
2025-10-12 04:33:01,39168.39,39417.13,39161.96,39330.24,1616.73
2025-10-12 05:33:01,39736.51,39934.27,39539.38,39722.89,1187.06
2025-10-12 06:33:01,39488.45,39633.79,39254.02,39537.33,1297.72
2025-10-12 07:33:01,39396.64,39396.64,39145.06,39244.58,1142.33
2025-10-12 08:33:01,39423.77,39448.49,39308.84,39352.45,1128.42
2025-10-12 09:33:01,39698.24,39698.24,39211.56,39560.08,1198.98
2025-10-12 10:33:01,40097.73,40474.84,39951.76,40209.79,1085.19
2025-10-12 11:33:01,40236.22,40236.22,39942.4,40220.68,1870.96
2025-10-12 12:33:01,39683.4,39832.15,39484.33,39804.32,1863.9
2025-10-12 13:33:01,39488.75,39562.03,39390.63,39529.11,1068.62
2025-10-12 14:33:01,39696.72,39893.34,39302.65,39637.46,1370.8
2025-10-12 15:33:01,40561.51,40597.44,40360.21,40563.08,1072.42
2025-10-12 16:33:01,40344.68,40482.89,40058.61,40367.65,1444.29
2025-10-12 17:33:01,39735.03,39805.36,39593.67,39729.96,1232.46
2025-10-12 18:33:01,39162.22,39296.47,39096.25,39211.69,1210.54
2025-10-12 19:33:01,38002.9,38021.44,37722.01,37979.47,1234.71
2025-10-12 20:33:01,38313.06,38336.76,38096.61,38169.37,1409.29
2025-10-12 21:33:01,37449.64,37655.63,37369.99,37391.79,1266.93
2025-10-12 22:33:01,36744.26,36878.94,36691.25,36702.55,1027.51
2025-10-12 23:33:01,35654.0,35747.56,35459.16,35617.98,1461.82
2025-10-13 00:33:01,35153.01,35376.43,34838.0,35025.05,1157.08
2025-10-13 01:33:01,35323.87,35514.81,34985.08,35328.66,1476.32
2025-10-13 02:33:01,34567.05,34667.9,34567.05,34638.4,1359.36
2025-10-13 03:33:01,33811.66,33817.85,33527.22,33734.69,1511.4
2025-10-13 04:33:01,33848.68,33945.41,33595.26,33831.16,1257.48
2025-10-13 05:33:01,33746.91,33746.91,33525.65,33664.2,1210.7
2025-10-13 06:33:01,33894.13,33943.1,33803.29,33888.77,1518.23
2025-10-13 07:33:01,34377.83,34597.18,34200.58,34271.33,1110.04
2025-10-13 08:33:01,34193.89,34358.22,34193.89,34272.69,1160.98
2025-10-13 09:33:01,33435.47,33783.38,33435.47,33611.25,1180.83
2025-10-13 10:33:01,33520.67,33648.92,33491.72,33555.23,1269.69
2025-10-13 11:33:01,33915.33,34080.22,33688.83,33813.47,1525.15
2025-10-13 12:33:01,33545.56,33665.74,33434.15,33523.96,1035.73
2025-10-13 13:33:01,32870.14,32949.47,32774.34,32807.6,1146.69
2025-10-13 14:33:01,33413.8,33462.06,33044.69,33357.4,1260.35
2025-10-13 15:33:01,33137.85,33323.3,32988.88,33156.27,1026.18
2025-10-13 16:33:01,32839.4,32992.18,32839.4,32959.58,1433.72
2025-10-13 17:33:01,32998.53,33068.13,32887.22,32974.52,1086.9
2025-10-13 18:33:01,33418.33,33527.89,33338.5,33491.23,1297.62
2025-10-13 19:33:01,33595.27,33658.06,33595.27,33630.17,1013.62
2025-10-13 20:33:01,33324.48,33565.36,33272.33,33468.45,1082.43
2025-10-13 21:33:01,33933.35,33936.14,33766.86,33817.43,1388.81
2025-10-13 22:33:01,34935.72,35157.54,34659.2,34912.71,1170.08
2025-10-13 23:33:01,35680.7,35766.14,35165.95,35644.57,1231.52
2025-10-14 00:33:01,36089.49,36089.49,35561.21,36008.69,1060.52
2025-10-14 01:33:01,35334.57,35511.08,35202.04,35406.5,1254.07
2025-10-14 02:33:01,37384.19,37585.41,37139.54,37403.81,1101.44
2025-10-14 03:33:01,36692.95,36891.73,36412.19,36733.89,1267.41
2025-10-14 04:33:01,36609.83,36609.83,36522.72,36532.29,1551.45
2025-10-14 05:33:01,36084.47,36152.42,36056.42,36152.23,1038.05
2025-10-14 06:33:01,36932.79,37042.91,36642.21,37038.31,1040.22
2025-10-14 07:33:01,37307.59,37307.59,37134.16,37274.75,1004.25
2025-10-14 08:33:01,36546.53,36546.53,36347.81,36479.54,1279.14
2025-10-14 09:33:01,36757.49,36757.49,36474.29,36629.48,1225.07
2025-10-14 10:33:01,37029.74,37048.36,36917.58,36933.34,1033.44
2025-10-14 11:33:01,36670.53,37071.89,36478.28,36759.97,1098.04
2025-10-14 12:33:01,35926.43,36225.83,35926.43,36090.4,1502.11
2025-10-14 13:33:01,35769.06,35883.85,35640.98,35701.81,1271.4
2025-10-14 14:33:01,35594.79,35658.58,35437.83,35472.16,1022.62
2025-10-14 15:33:01,35522.47,35522.47,35279.79,35488.78,1054.59
2025-10-14 16:33:01,35355.05,35355.05,35182.95,35216.53,1031.31
2025-10-14 17:33:01,35693.97,35737.98,35488.33,35609.69,1141.53
2025-10-14 18:33:01,34812.5,35233.75,34812.5,35106.67,1517.4
2025-10-14 19:33:01,34344.0,34344.0,34040.69,34199.82,1097.22
2025-10-14 20:33:01,33794.18,33843.49,33794.18,33826.31,1192.57
2025-10-14 21:33:01,34383.4,34537.93,34343.81,34516.9,1072.24
2025-10-14 22:33:01,34161.31,34302.57,34161.31,34225.63,1043.15
2025-10-14 23:33:01,35410.08,35623.09,35410.08,35433.14,1499.58
2025-10-15 00:33:01,35665.4,35773.59,35197.03,35698.93,1447.18
2025-10-15 01:33:01,35151.35,35151.35,35020.76,35079.7,1060.63
2025-10-15 02:33:01,34605.36,34682.52,34451.5,34645.62,1008.91
2025-10-15 03:33:01,34949.85,35025.46,34662.36,34777.45,1137.72
2025-10-15 04:33:01,34247.13,34258.83,33984.85,34168.34,1081.94
2025-10-15 05:33:01,35435.28,35486.78,35376.62,35391.21,1009.78
2025-10-15 06:33:01,34909.56,34909.56,34575.35,34869.78,1399.16
2025-10-15 07:33:01,35258.65,35267.79,35178.38,35231.08,1071.98
2025-10-15 08:33:01,35866.34,36073.42,35701.7,36007.48,1420.18
2025-10-15 09:33:01,35999.91,35999.91,35711.95,35952.49,1159.93
2025-10-15 10:33:01,35465.29,35718.52,35328.82,35419.48,1525.35
2025-10-15 11:33:01,35119.52,35314.71,35119.52,35278.98,1182.06
2025-10-15 12:33:01,35397.88,35519.01,35397.88,35475.39,1425.33
2025-10-15 13:33:01,35954.81,36233.97,35753.95,35945.92,1128.55
2025-10-15 14:33:01,36034.29,36247.68,35937.84,35980.56,1280.51
2025-10-15 15:33:01,35392.94,35462.7,35176.21,35228.87,1327.74
2025-10-15 16:33:01,35277.46,35370.76,35163.12,35256.0,1066.39
2025-10-15 17:33:01,34907.1,35035.52,34900.2,34904.65,1189.46
2025-10-15 18:33:01,33781.75,33892.35,33753.73,33766.67,1322.76
2025-10-15 19:33:01,33552.75,33645.93,33400.79,33419.59,1203.41
2025-10-15 20:33:01,32772.81,32878.74,32556.56,32708.09,1379.85
2025-10-15 21:33:01,32955.82,33006.52,32892.88,33003.3,1091.89
2025-10-15 22:33:01,33968.18,34036.38,33910.32,33972.76,1080.68
2025-10-15 23:33:01,34884.11,35005.19,34843.81,34925.99,1136.23
2025-10-16 00:33:01,34559.69,34638.01,34333.59,34630.77,1200.4
2025-10-16 01:33:01,34330.3,34569.23,34330.3,34393.34,1273.36
2025-10-16 02:33:01,34840.65,34930.85,34392.42,34754.29,1089.43
2025-10-16 03:33:01,35289.79,35511.26,35257.33,35312.8,1033.45
2025-10-16 04:33:01,35021.86,35154.62,34708.79,35095.69,1248.7
2025-10-16 05:33:01,34867.91,35110.19,34867.91,35025.5,1008.57
2025-10-16 06:33:01,36222.92,36241.83,36050.75,36189.96,1717.18
2025-10-16 07:33:01,36218.64,36292.16,35897.46,36135.44,1190.61
2025-10-16 08:33:01,35865.13,35899.22,35742.4,35876.24,1132.92
2025-10-16 09:33:01,35851.82,36024.85,35851.82,35944.9,1337.36
2025-10-16 10:33:01,36339.72,36420.72,36135.45,36261.51,1315.42
2025-10-16 11:33:01,35758.35,36028.09,35653.33,35709.56,1221.8
2025-10-16 12:33:01,35848.75,35848.75,35232.01,35580.79,1261.88
2025-10-16 13:33:01,35210.2,35210.2,34747.94,34962.71,1130.75
2025-10-16 14:33:01,34729.79,34971.55,34729.79,34821.82,1062.05
2025-10-16 15:33:01,35783.36,36049.71,35692.79,35807.36,1067.48
2025-10-16 16:33:01,36441.05,36621.24,36198.06,36209.94,1285.52
2025-10-16 17:33:01,35908.31,36222.39,35908.31,36163.47,1298.63
2025-10-16 18:33:01,35658.01,35783.0,35510.11,35661.14,1066.09
2025-10-16 19:33:01,35484.26,35618.39,35475.98,35498.9,1200.47
2025-10-16 20:33:01,36175.89,36311.05,36025.71,36062.9,1642.04
2025-10-16 21:33:01,35783.48,35904.37,35735.04,35762.99,1100.9
2025-10-16 22:33:01,36634.79,36634.79,36383.3,36545.3,1058.41
2025-10-16 23:33:01,35845.12,36120.64,35644.23,35795.76,1424.83
2025-10-17 00:33:01,35488.26,35787.38,35488.26,35644.22,1261.15
2025-10-17 01:33:01,36469.06,36882.92,36469.06,36580.37,1337.45
2025-10-17 02:33:01,35618.64,35618.64,35392.59,35482.08,1107.62
2025-10-17 03:33:01,36172.46,36172.46,35828.01,36119.11,1319.21
2025-10-17 04:33:01,35208.39,35384.27,34814.16,35119.94,1147.05
2025-10-17 05:33:01,34979.81,35169.16,34940.75,35077.36,1518.7
2025-10-17 06:33:01,35041.71,35041.71,34881.17,34991.5,1361.38
2025-10-17 07:33:01,35513.66,35513.66,35305.69,35429.16,1017.63
2025-10-17 08:33:01,33673.54,33810.73,33673.54,33757.29,1380.1
2025-10-17 09:33:01,32790.71,32866.32,32676.28,32792.43,1074.32
2025-10-17 10:33:01,32546.14,32679.0,32475.7,32521.22,1085.95
2025-10-17 11:33:01,32567.01,32569.16,32491.39,32546.7,1517.23
2025-10-17 12:33:01,32149.66,32149.66,32059.06,32118.09,1323.25
2025-10-17 13:33:01,31976.34,32086.98,31958.6,32019.56,1365.06
2025-10-17 14:33:01,31488.15,31628.71,31456.4,31457.83,1044.4
2025-10-17 15:33:01,31261.48,31413.31,31216.82,31277.02,1148.66
2025-10-17 16:33:01,30943.85,31031.39,30809.82,30888.48,1055.19
2025-10-17 17:33:01,31226.99,31226.99,30855.44,31010.66,1679.48
2025-10-17 18:33:01,31305.7,31607.37,31207.99,31290.1,1532.06
2025-10-17 19:33:01,32044.86,32053.49,31923.27,31971.36,1028.52
2025-10-17 20:33:01,31681.79,31974.12,31624.24,31664.59,1650.9
2025-10-17 21:33:01,31414.7,31635.51,31323.71,31521.88,1459.83
2025-10-17 22:33:01,31608.46,31608.46,31420.89,31552.94,1203.34
2025-10-17 23:33:01,31409.26,31437.13,31318.74,31421.8,1229.63
2025-10-18 00:33:01,31419.4,31423.57,31153.24,31405.88,1293.19
2025-10-18 01:33:01,30690.24,30862.91,30477.02,30678.55,1046.25
2025-10-18 02:33:01,30914.26,30914.26,30798.4,30858.94,1101.44
2025-10-18 03:33:01,30480.8,30649.26,30234.68,30444.45,1297.21
2025-10-18 04:33:01,30162.4,30162.4,29977.83,30017.0,1320.95
2025-10-18 05:33:01,29329.53,29559.33,29019.41,29311.92,1128.51
2025-10-18 06:33:01,29972.34,29972.34,29533.84,29833.07,1211.69
2025-10-18 07:33:01,29712.22,29856.26,29657.52,29780.32,1137.52
2025-10-18 08:33:01,30349.17,30468.53,29969.93,30304.02,1224.12
2025-10-18 09:33:01,30424.9,30452.94,30302.72,30437.5,1137.46
2025-10-18 10:33:01,29726.07,29726.07,29590.43,29669.37,1155.5
2025-10-18 11:33:01,29185.68,29273.3,29026.82,29197.41,1159.48
2025-10-18 12:33:01,29432.91,29731.79,29315.52,29540.16,1029.08
2025-10-18 13:33:01,29191.3,29244.14,29099.89,29211.34,1370.54
2025-10-18 14:33:01,28718.69,28994.3,28710.36,28744.37,1563.38
2025-10-18 15:33:01,28613.05,28924.22,28525.42,28678.29,1031.44
2025-10-18 16:33:01,28769.04,28769.04,28395.55,28613.48,1226.15
2025-10-18 17:33:01,28177.99,28258.25,28097.99,28190.57,1241.33
2025-10-18 18:33:01,27931.55,28198.46,27931.55,28064.47,1169.85
2025-10-18 19:33:01,27994.38,28203.94,27925.37,28000.0,1818.04
2025-10-18 20:33:01,28128.71,28128.71,27800.72,28000.0,1227.45
2025-10-18 21:33:01,28162.51,28284.49,27901.37,28223.12,1192.99
2025-10-18 22:33:01,27922.59,28082.87,27835.88,28000.0,1059.83
2025-10-18 23:33:01,28597.66,28852.62,28433.8,28559.86,1654.67
2025-10-19 00:33:01,27977.79,28193.25,27821.58,28078.59,1077.66
2025-10-19 01:33:01,28027.81,28240.59,27929.91,28000.0,1032.25
2025-10-19 02:33:01,28602.51,28706.36,28491.3,28510.8,1026.09
2025-10-19 03:33:01,27939.0,28101.04,27939.0,28000.0,1129.37
2025-10-19 04:33:01,27998.61,28147.42,27809.28,28000.0,1068.63
2025-10-19 05:33:01,28197.06,28395.77,28164.52,28262.88,1127.68
2025-10-19 06:33:01,28158.93,28204.98,27900.51,28134.87,1236.88
2025-10-19 07:33:01,28059.9,28059.9,27802.99,28000.0,1503.82
2025-10-19 08:33:01,28155.86,28155.86,27796.89,28090.97,1600.29
2025-10-19 09:33:01,28024.92,28046.39,27897.06,28021.0,1217.87
2025-10-19 10:33:01,28584.36,28600.96,28538.08,28572.61,1027.01
2025-10-19 11:33:01,28927.81,28976.79,28759.99,28836.32,1019.05
2025-10-19 12:33:01,30136.26,30362.77,29856.43,30160.57,1083.64
2025-10-19 13:33:01,29467.05,29599.43,29162.82,29425.79,1958.23
2025-10-19 14:33:01,29418.14,29555.1,29280.16,29426.8,1035.65
2025-10-19 15:33:01,28956.21,29150.74,28763.18,28966.55,1237.05
2025-10-19 16:33:01,29516.86,29516.86,29378.6,29479.32,1156.38
2025-10-19 17:33:01,29901.4,29999.93,29671.47,29853.25,1340.87
2025-10-19 18:33:01,30311.81,30311.81,30022.98,30201.05,1458.5
2025-10-19 19:33:01,29943.32,29943.32,29662.24,29858.71,1428.17
2025-10-19 20:33:01,29592.43,29621.88,29434.43,29535.11,1179.45
2025-10-19 21:33:01,28585.58,28673.68,28455.63,28646.37,1098.27
2025-10-19 22:33:01,29505.02,29546.81,29392.17,29392.29,1446.8
2025-10-19 23:33:01,29589.67,29772.55,29589.67,29626.96,1246.98
2025-10-20 00:33:01,29589.61,29627.41,29404.25,29521.41,1396.2
2025-10-20 01:33:01,29931.86,30121.62,29580.06,29945.27,1212.38
2025-10-20 02:33:01,30126.65,30395.0,30126.65,30292.62,1403.62
2025-10-20 03:33:01,30870.86,30870.86,30563.5,30745.47,1204.6
2025-10-20 04:33:01,30037.23,30219.47,29892.99,30005.98,1038.09
2025-10-20 05:33:01,29668.2,29855.01,29642.66,29694.69,1136.83
2025-10-20 06:33:01,29752.43,29865.84,29710.35,29792.05,1570.19
2025-10-20 07:33:01,29958.91,30036.78,29945.59,29961.08,1163.74
2025-10-20 08:33:01,30355.56,30476.62,30254.81,30401.32,1103.1
2025-10-20 09:33:01,29917.96,29983.55,29860.23,29950.96,1398.88
2025-10-20 10:33:01,29968.57,30079.34,29755.94,30018.16,1161.99
2025-10-20 11:33:01,31003.74,31047.74,30996.93,31021.15,1270.08
2025-10-20 12:33:01,31295.94,31536.83,31282.77,31352.09,1083.47
2025-10-20 13:33:01,31794.96,31794.96,31683.86,31770.15,1193.87
2025-10-20 14:33:01,31669.59,31961.91,31669.59,31769.24,1043.55
2025-10-20 15:33:01,32172.55,32240.97,31940.15,32143.27,1120.54
2025-10-20 16:33:01,33096.32,33096.32,32972.67,33020.92,1081.35
2025-10-20 17:33:01,33126.84,33126.84,32892.99,33080.72,1042.88
2025-10-20 18:33:01,33631.56,33782.3,33631.56,33694.99,1360.6
2025-10-20 19:33:01,33151.12,33293.29,33151.12,33258.98,1375.27
2025-10-20 20:33:01,33380.65,33732.21,33218.7,33560.11,1455.88
2025-10-20 21:33:01,33921.22,34048.36,33565.9,34021.74,1095.17
2025-10-20 22:33:01,33737.8,33868.17,33560.62,33643.95,1280.24
2025-10-20 23:33:01,34284.51,34284.51,34053.63,34204.48,1420.87
2025-10-21 00:33:01,33866.34,33893.39,33757.31,33863.83,1364.11
2025-10-21 01:33:01,33460.33,33627.65,33451.61,33460.94,1415.67
2025-10-21 02:33:01,33576.51,33576.51,33227.2,33466.88,1341.35
2025-10-21 03:33:01,34483.19,35052.03,34310.16,34443.28,1396.96
2025-10-21 04:33:01,34612.67,34699.91,34492.87,34608.56,1104.66
2025-10-21 05:33:01,35197.26,35403.79,35025.66,35099.74,1014.9
2025-10-21 06:33:01,34646.39,34736.57,34646.39,34719.35,1066.48
2025-10-21 07:33:01,34774.82,35002.38,34658.77,34765.0,1132.03
2025-10-21 08:33:01,33988.67,34292.36,33978.69,34156.69,1126.43
2025-10-21 09:33:01,33883.72,34103.19,33633.63,33869.92,1289.89
2025-10-21 10:33:01,34429.76,34434.13,34147.58,34300.6,1423.75
2025-10-21 11:33:01,34224.33,34431.91,34212.85,34286.54,1040.92
2025-10-21 12:33:01,35025.27,35189.31,34921.96,35038.66,1212.07
2025-10-21 13:33:01,34884.45,35225.04,34812.79,34937.23,1238.98
2025-10-21 14:33:01,34887.17,34887.17,34348.6,34838.56,1403.9
2025-10-21 15:33:01,35472.84,35754.52,35351.73,35510.89,1495.78
2025-10-21 16:33:01,35032.45,35367.89,35032.45,35169.89,1029.99
2025-10-21 17:33:01,34424.87,34424.87,34200.26,34372.97,1025.52
2025-10-21 18:33:01,35030.89,35241.13,34933.04,35049.52,1047.26
2025-10-21 19:33:01,35122.96,35353.68,35122.96,35272.23,1277.96
2025-10-21 20:33:01,34146.68,34227.12,33937.86,34131.39,1194.88
2025-10-21 21:33:01,34096.04,34160.09,33914.02,34160.06,1512.88
2025-10-21 22:33:01,34093.83,34093.83,33745.16,33959.0,1309.82
2025-10-21 23:33:01,34812.18,35223.33,34812.18,34853.83,1052.94
2025-10-22 00:33:01,34375.79,34666.61,34375.79,34477.86,1696.03
2025-10-22 01:33:01,34077.1,34193.27,34077.1,34183.02,1287.37
2025-10-22 02:33:01,33751.26,33820.42,33526.12,33722.04,1140.55
2025-10-22 03:33:01,33161.52,33315.96,33068.27,33195.14,1205.59
2025-10-22 04:33:01,32914.99,32943.76,32806.45,32853.15,1136.22
2025-10-22 05:33:01,32183.48,32309.98,32085.11,32152.68,1007.78
2025-10-22 06:33:01,31596.82,31690.64,31526.97,31663.19,1075.08
2025-10-22 07:33:01,30947.28,31046.7,30872.86,30908.48,1069.26
2025-10-22 08:33:01,30252.43,30341.69,30221.5,30223.39,1206.63
2025-10-22 09:33:01,29539.6,29613.78,29452.99,29526.09,1442.5
2025-10-22 10:33:01,29320.79,29345.94,29267.42,29305.75,1168.65
2025-10-22 11:33:01,28960.68,29056.52,28855.84,29015.9,1239.71
2025-10-22 12:33:01,28451.92,28682.36,28401.26,28493.08,1194.88
2025-10-22 13:33:01,28631.1,28915.71,28624.45,28709.0,1496.83
2025-10-22 14:33:01,28707.74,28739.24,28625.06,28699.58,1259.2
2025-10-22 15:33:01,28540.49,28820.58,28370.75,28524.92,1188.94
2025-10-22 16:33:01,28348.97,28542.25,28237.42,28337.87,1097.7
2025-10-22 17:33:01,28919.14,29311.09,28788.72,29026.62,1362.34
2025-10-22 18:33:01,29031.35,29283.77,29011.46,29142.01,1243.71
2025-10-22 19:33:01,29376.42,29469.31,29196.94,29360.67,1198.56
2025-10-22 20:33:01,28338.4,28358.56,28117.22,28232.39,1124.09
2025-10-22 21:33:01,28077.81,28077.81,27793.91,28000.0,1077.15
2025-10-22 22:33:01,27899.83,28119.0,27853.38,28000.0,1297.23
2025-10-22 23:33:01,28050.45,28050.45,27833.15,28000.0,1773.57
2025-10-23 00:33:01,28211.66,28281.64,28072.99,28168.79,1156.8
2025-10-23 01:33:01,27926.89,28172.31,27926.89,28000.0,1087.43
2025-10-23 02:33:01,28333.46,28401.99,28211.74,28229.82,1612.06
2025-10-23 03:33:01,27963.67,28152.14,27855.58,28000.0,1279.96
2025-10-23 04:33:01,28209.31,28340.04,28006.92,28253.84,1335.34
2025-10-23 05:33:01,28014.23,28312.81,27939.15,28000.0,1201.9
2025-10-23 06:33:01,28056.36,28221.28,27881.59,28000.0,1069.92
2025-10-23 07:33:01,28053.95,28240.2,28053.95,28188.32,1350.17
2025-10-23 08:33:01,28426.78,28542.16,28346.66,28426.73,1218.54
2025-10-23 09:33:01,28443.46,28524.87,28240.42,28384.04,1151.94
2025-10-23 10:33:01,29308.27,29429.78,29144.35,29221.51,1218.6
2025-10-23 11:33:01,29023.6,29114.85,28905.22,29050.64,1273.96
2025-10-23 12:33:01,28869.96,28879.54,28849.46,28865.06,1304.2
2025-10-23 13:33:01,28041.98,28041.98,27918.7,28000.0,1257.77
2025-10-23 14:33:01,28791.67,28887.8,28543.18,28754.95,1121.73
2025-10-23 15:33:01,28497.34,28728.88,28422.62,28607.04,1043.24
2025-10-23 16:33:01,28151.72,28331.66,28016.95,28113.8,1217.89
2025-10-23 17:33:01,28653.16,28777.15,28479.78,28682.72,1191.33
2025-10-23 18:33:01,29335.75,29335.75,28977.01,29225.6,1093.02
2025-10-23 19:33:01,29282.12,29355.44,29065.84,29283.86,1076.95
2025-10-23 20:33:01,28675.57,28705.6,28436.28,28664.28,1320.31
2025-10-23 21:33:01,28853.9,28868.66,28795.19,28855.76,1194.89
2025-10-23 22:33:01,28632.34,28713.51,28355.3,28597.94,1250.35
2025-10-23 23:33:01,28182.95,28197.42,28035.51,28107.12,1310.68
2025-10-24 00:33:01,28595.02,28609.07,28502.65,28558.91,1312.0
2025-10-24 01:33:01,27957.77,28112.32,27941.19,28000.0,1308.57
2025-10-24 02:33:01,28230.89,28251.79,28120.78,28250.21,1385.14
2025-10-24 03:33:01,28423.14,28481.75,28423.14,28456.61,1456.37
2025-10-24 04:33:01,29436.25,29436.25,29194.43,29343.63,1856.03
2025-10-24 05:33:01,29416.29,29540.99,29416.29,29497.41,1555.6
2025-10-24 06:33:01,28639.79,28738.91,28459.76,28597.14,1039.81
2025-10-24 07:33:01,28297.04,28608.35,28073.31,28249.88,1077.3
2025-10-24 08:33:01,28310.16,28405.93,28166.33,28289.03,1060.17
2025-10-24 09:33:01,28445.26,28609.09,28292.01,28451.62,1031.84
2025-10-24 10:33:01,28850.09,29031.95,28631.27,28881.76,1019.62
2025-10-24 11:33:01,27989.55,28080.36,27837.47,28043.89,1055.71
2025-10-24 12:33:01,28029.83,28178.43,27853.16,28000.0,1047.55
2025-10-24 13:33:01,28411.52,28459.75,28161.3,28419.34,1175.16
2025-10-24 14:33:01,29131.87,29173.3,28939.15,29089.1,1144.05
2025-10-24 15:33:01,29956.98,30009.03,29830.31,29912.04,1031.82
2025-10-24 16:33:01,29776.76,29776.76,29676.63,29747.05,1143.97
2025-10-24 17:33:01,30292.24,30294.26,29987.66,30247.06,1032.92
2025-10-24 18:33:01,31046.58,31273.86,30756.56,31033.43,1177.9
2025-10-24 19:33:01,31622.47,31710.48,31523.78,31600.1,1158.85
2025-10-24 20:33:01,31957.99,31988.8,31444.01,31951.52,1028.23
2025-10-24 21:33:01,32398.61,32474.6,32141.9,32356.31,1118.93
2025-10-24 22:33:01,32075.37,32233.12,31851.63,31980.59,1005.13
2025-10-24 23:33:01,31362.93,31372.0,31216.24,31294.35,1157.56
2025-10-25 00:33:01,31666.5,32013.84,31666.5,31764.42,1341.6
2025-10-25 01:33:01,31614.33,31776.7,31519.91,31607.29,1031.79
2025-10-25 02:33:01,31564.27,31620.11,31447.59,31602.35,1332.91
2025-10-25 03:33:01,31315.72,31697.0,31315.72,31336.41,1371.48
2025-10-25 04:33:01,31137.87,31270.09,31000.97,31160.39,1516.21
2025-10-25 05:33:01,31331.08,31430.3,31215.28,31278.02,1356.53
2025-10-25 06:33:01,30891.13,30937.31,30601.66,30807.31,1002.79
2025-10-25 07:33:01,30821.29,31099.28,30761.97,30848.16,1239.76
2025-10-25 08:33:01,31059.39,31173.4,30888.03,30971.17,1264.06
2025-10-25 09:33:01,30946.89,31202.65,30874.3,30944.26,1258.97
2025-10-25 10:33:01,30669.45,30709.18,30584.29,30608.15,1023.0
2025-10-25 11:33:01,31078.58,31078.58,30672.24,30978.69,1315.58
2025-10-25 12:33:01,31823.14,32109.88,31641.69,31857.89,1039.49
2025-10-25 13:33:01,31546.04,31655.8,31527.07,31578.72,1357.1
2025-10-25 14:33:01,32087.09,32459.02,31787.12,32171.88,1367.41
2025-10-25 15:33:01,32700.28,32761.74,32605.02,32608.85,1394.16
2025-10-25 16:33:01,31289.05,31405.67,31207.06,31318.45,1581.53
2025-10-25 17:33:01,30901.63,31117.8,30901.63,30969.54,1061.8
2025-10-25 18:33:01,30608.93,30734.38,30608.93,30683.2,1052.4
2025-10-25 19:33:01,31035.56,31099.76,30935.28,31052.32,1324.97
2025-10-25 20:33:01,31102.69,31215.16,30956.41,31149.06,1151.76
2025-10-25 21:33:01,31485.06,31544.04,31213.52,31379.57,1085.01
2025-10-25 22:33:01,31622.14,31910.72,31473.43,31687.68,1093.01
2025-10-25 23:33:01,31242.99,31305.5,31161.71,31268.73,1602.39
2025-10-26 00:33:01,31016.29,31037.15,30796.03,30927.3,1404.6
2025-10-26 01:33:01,30486.26,30486.26,30344.77,30369.07,1323.9
2025-10-26 02:33:01,30283.8,30412.87,29943.52,30301.13,1320.55
2025-10-26 03:33:01,30147.23,30266.17,30109.82,30256.7,1082.45
2025-10-26 04:33:01,30348.06,30528.6,29967.51,30344.14,1142.55
2025-10-26 05:33:01,29950.79,30179.48,29702.6,30022.75,1287.02
2025-10-26 06:33:01,30503.91,30619.46,30266.31,30440.98,1126.44
2025-10-26 07:33:01,30826.88,30886.52,30485.53,30869.3,1291.22
2025-10-26 08:33:01,31481.04,31679.41,31481.04,31594.53,1037.81
2025-10-26 09:33:01,31974.63,31980.56,31862.41,31940.04,1213.09
2025-10-26 10:33:01,31981.69,32358.59,31933.94,32036.98,1365.7
2025-10-26 11:33:01,32323.83,32484.52,32323.83,32368.08,1167.47
2025-10-26 12:33:01,32619.55,32915.84,32513.78,32671.76,1345.23
2025-10-26 13:33:01,32453.11,32453.11,32288.7,32359.65,1165.48
2025-10-26 14:33:01,32992.55,33148.68,32947.84,32993.15,1495.8
2025-10-26 15:33:01,33861.92,33953.45,33768.81,33850.64,1156.29
2025-10-26 16:33:01,34894.54,35102.74,34607.1,34860.61,1119.92
2025-10-26 17:33:01,34789.3,34954.55,34535.66,34884.17,1161.34
2025-10-26 18:33:01,34977.54,35081.21,34946.54,35058.96,1079.94
2025-10-26 19:33:01,35238.37,35309.47,35238.37,35282.86,1045.08
2025-10-26 20:33:01,35432.91,35432.91,35175.73,35286.23,1176.63
2025-10-26 21:33:01,35529.78,35648.35,35342.41,35618.73,1276.14
2025-10-26 22:33:01,35498.58,35687.52,35498.58,35558.37,1106.09
2025-10-26 23:33:01,35226.4,35635.5,35226.4,35459.45,1115.5
2025-10-27 00:33:01,36381.56,36544.68,36163.92,36399.58,1371.21
2025-10-27 01:33:01,36343.68,36756.89,36343.68,36493.11,1226.15
2025-10-27 02:33:01,36567.97,36624.48,36460.14,36533.3,1398.88
2025-10-27 03:33:01,36987.36,37165.34,36832.29,37020.11,1077.22
2025-10-27 04:33:01,37212.27,37212.27,36815.5,37106.57,1395.71
2025-10-27 05:33:01,37282.34,37481.57,37057.51,37271.78,1188.51
2025-10-27 06:33:01,37310.81,37310.81,37009.85,37238.98,1235.94
2025-10-27 07:33:01,36412.86,36683.73,36412.86,36560.03,1072.23
2025-10-27 08:33:01,36460.89,36662.6,36404.56,36546.49,1602.28
2025-10-27 09:33:01,35910.78,36149.16,35888.48,35926.7,1150.37
2025-10-27 10:33:01,36005.13,36235.99,35803.1,36044.03,1056.39
2025-10-27 11:33:01,35411.09,35569.51,35279.49,35409.22,1272.73
2025-10-27 12:33:01,35948.84,36049.22,35760.4,35900.71,1026.11
2025-10-27 13:33:01,36461.09,36533.88,36248.54,36308.29,1130.17
2025-10-27 14:33:01,36617.34,36617.34,36352.02,36464.7,1312.32
2025-10-27 15:33:01,36422.55,36853.32,36301.53,36413.47,1042.84
2025-10-27 16:33:01,36585.18,36692.13,36552.34,36644.44,1248.15
2025-10-27 17:33:01,35426.74,35631.72,35426.74,35567.7,1474.57
2025-10-27 18:33:01,34962.22,35064.2,34890.06,34986.96,1076.44
2025-10-27 19:33:01,35037.42,35110.07,34637.51,34913.92,1071.86
2025-10-27 20:33:01,35151.71,35331.26,35046.15,35099.82,1118.14
2025-10-27 21:33:01,34986.32,35202.41,34986.32,35062.92,1400.58
2025-10-27 22:33:01,34478.37,34702.78,34424.86,34539.49,1062.05
2025-10-27 23:33:01,34631.89,34806.09,34251.83,34614.09,1421.87
2025-10-28 00:33:01,34407.65,34695.34,34220.49,34383.91,1313.3
2025-10-28 01:33:01,33668.38,34042.4,33527.13,33838.39,1046.29
2025-10-28 02:33:01,33983.92,34096.54,33983.92,34011.79,1383.41
2025-10-28 03:33:01,33924.03,34161.17,33810.25,33910.66,1347.06
2025-10-28 04:33:01,34432.99,34824.94,34282.94,34525.35,1266.94
2025-10-28 05:33:01,35077.91,35077.91,34652.71,34875.49,1078.2
2025-10-28 06:33:01,35184.98,35324.2,35137.68,35264.94,1401.33
2025-10-28 07:33:01,35378.59,35446.29,35365.31,35439.83,1061.33
2025-10-28 08:33:01,35072.98,35278.49,34991.82,34995.1,1555.46
2025-10-28 09:33:01,34482.25,34683.21,34426.81,34508.97,1027.08
2025-10-28 10:33:01,33749.94,33760.54,33705.05,33752.94,1504.58
2025-10-28 11:33:01,35239.53,35272.05,35004.91,35216.81,1532.04
2025-10-28 12:33:01,34565.68,34691.63,34565.68,34651.37,1022.86
2025-10-28 13:33:01,34558.58,34768.15,34268.27,34547.66,1152.24
2025-10-28 14:33:01,34485.35,34485.35,34295.93,34366.35,1288.74
2025-10-28 15:33:01,34352.63,34352.63,34136.97,34227.08,1312.14
2025-10-28 16:33:01,33947.28,34152.15,33748.3,33933.0,1083.54
2025-10-28 17:33:01,33069.69,33320.78,32746.76,32988.09,1230.1
2025-10-28 18:33:01,32381.3,32633.2,32285.5,32501.17,1573.23
2025-10-28 19:33:01,31848.5,31975.43,31810.27,31830.7,1212.58
2025-10-28 20:33:01,31745.32,31834.9,31590.93,31778.33,1145.69
2025-10-28 21:33:01,31539.42,31726.6,31177.03,31460.41,1009.0
2025-10-28 22:33:01,31105.37,31196.75,30924.94,31144.67,1110.93
2025-10-28 23:33:01,31335.55,31335.55,31110.18,31254.38,1123.66
2025-10-29 00:33:01,30979.48,31061.83,30936.09,30989.9,1051.32
2025-10-29 01:33:01,31425.38,31535.11,31316.95,31432.2,1258.82
2025-10-29 02:33:01,31220.28,31375.41,31067.65,31258.69,1199.11
2025-10-29 03:33:01,31316.96,31400.36,31316.96,31373.0,1142.33
2025-10-29 04:33:01,30701.86,30854.86,30701.86,30757.95,1254.49
2025-10-29 05:33:01,31078.46,31125.68,30880.95,31070.25,1338.47
2025-10-29 06:33:01,30804.57,31059.65,30804.57,30890.34,1109.67
2025-10-29 07:33:01,30910.58,31297.78,30910.58,31088.85,1257.62
2025-10-29 08:33:01,31317.7,31598.21,30949.68,31251.66,1118.37
2025-10-29 09:33:01,31140.64,31195.77,31076.05,31179.1,1139.06
2025-10-29 10:33:01,31408.91,31408.91,31250.38,31289.61,1611.63
2025-10-29 11:33:01,31103.32,31124.81,30900.74,31117.49,1212.43
2025-10-29 12:33:01,31743.81,32158.96,31673.04,31754.68,1185.53
2025-10-29 13:33:01,32155.21,32351.18,32125.8,32207.95,1561.12
2025-10-29 14:33:01,32644.54,32644.54,32405.2,32448.84,1189.9
2025-10-29 15:33:01,31977.88,32011.52,31755.49,31881.98,1185.65
2025-10-29 16:33:01,31222.09,31551.04,31222.09,31364.38,1240.49
2025-10-29 17:33:01,31161.74,31161.74,30875.52,31060.69,1109.92
2025-10-29 18:33:01,30975.81,31061.36,30546.18,30955.48,1011.56
2025-10-29 19:33:01,31241.11,31241.11,31068.76,31172.55,1341.78
2025-10-29 20:33:01,30700.95,31064.34,30700.95,30762.17,1565.57
2025-10-29 21:33:01,31205.95,31364.72,31205.95,31314.55,1126.04
2025-10-29 22:33:01,31342.39,31419.79,31192.8,31324.92,1163.24
2025-10-29 23:33:01,30477.37,30477.37,30309.69,30387.84,1255.74
2025-10-30 00:33:01,30241.38,30241.38,30099.73,30180.8,1173.14
2025-10-30 01:33:01,29175.02,29175.02,28916.35,29020.27,1291.35
2025-10-30 02:33:01,28766.9,28799.31,28606.96,28704.02,1011.88
2025-10-30 03:33:01,28285.37,28490.83,28285.37,28478.89,1229.27
2025-10-30 04:33:01,28239.18,28422.18,28114.44,28229.65,1791.28
2025-10-30 05:33:01,28085.98,28239.74,28032.78,28103.69,1599.54
2025-10-30 06:33:01,28038.07,28121.56,27799.99,28000.0,1074.13
2025-10-30 07:33:01,28068.05,28298.55,27886.58,28000.0,1108.51
2025-10-30 08:33:01,28577.57,28778.63,28558.93,28643.05,1084.37
2025-10-30 09:33:01,29101.5,29203.33,29054.55,29176.38,1122.37
2025-10-30 10:33:01,28702.57,29018.35,28682.14,28687.49,1316.33
2025-10-30 11:33:01,29210.83,29276.31,29208.79,29238.37,1196.74
2025-10-30 12:33:01,28626.61,28626.61,28457.71,28538.04,1614.97
2025-10-30 13:33:01,28231.36,28308.14,28149.52,28200.79,1174.93
2025-10-30 14:33:01,28900.08,28967.92,28775.39,28857.76,1491.5
2025-10-30 15:33:01,27978.71,28310.11,27957.8,28000.0,1045.1
2025-10-30 16:33:01,28247.48,28405.04,27998.77,28253.41,1130.53
2025-10-30 17:33:01,27986.39,28245.98,27855.53,28000.0,1130.87
2025-10-30 18:33:01,27984.53,28046.5,27949.29,28000.0,1089.23
2025-10-30 19:33:01,27847.92,28153.28,27723.14,28000.0,1696.7
2025-10-30 20:33:01,28693.94,28871.95,28693.94,28724.83,1560.43
2025-10-30 21:33:01,28433.09,28556.36,28231.48,28386.83,1124.42
2025-10-30 22:33:01,28403.55,28599.66,28309.71,28369.06,1280.74
2025-10-30 23:33:01,28682.65,28770.61,28388.91,28647.51,1129.42
2025-10-31 00:33:01,28521.69,28655.42,28402.3,28550.67,1020.7
2025-10-31 01:33:01,28385.79,28385.79,28182.01,28210.06,1171.34
2025-10-31 02:33:01,28074.25,28334.45,28027.54,28196.8,1302.86
2025-10-31 03:33:01,28199.23,28329.9,28199.23,28248.16,1176.89
2025-10-31 04:33:01,28633.55,28713.13,28581.33,28634.5,1011.02
2025-10-31 05:33:01,28183.87,28427.0,27980.26,28240.81,1236.6
2025-10-31 06:33:01,28029.05,28177.22,28029.05,28062.31,1391.38
2025-10-31 07:33:01,28175.45,28224.7,28162.79,28210.19,1245.72
2025-10-31 08:33:01,28124.95,28195.64,28096.42,28151.24,1124.04
2025-10-31 09:33:01,28159.86,28180.69,27813.94,28084.85,1153.34
2025-10-31 10:33:01,28059.12,28180.98,27765.68,28089.6,1509.7
2025-10-31 11:33:01,28028.49,28028.49,27974.6,28000.0,1006.21
2025-10-31 12:33:01,27905.83,28175.35,27817.62,28000.0,1100.89
2025-10-31 13:33:01,28098.2,28306.61,28098.2,28197.11,1325.68
2025-10-31 14:33:01,27989.9,28104.46,27989.9,28000.0,1287.99
2025-10-31 15:33:01,28507.62,28517.15,28372.06,28501.46,1118.12
2025-10-31 16:33:01,28647.6,28647.6,28548.79,28605.86,1241.4
2025-10-31 17:33:01,27982.93,28346.66,27869.14,28069.51,1364.95
2025-10-31 18:33:01,28163.21,28228.49,27975.78,28200.61,1251.42
2025-10-31 19:33:01,28343.52,28386.29,28051.31,28283.16,1303.9
2025-10-31 20:33:01,28681.11,28693.92,28566.99,28618.23,1257.58
2025-10-31 21:33:01,29055.87,29406.16,28924.84,29127.07,1257.99
2025-10-31 22:33:01,29001.76,29168.73,28716.2,28977.85,1102.21
2025-10-31 23:33:01,28721.32,28959.72,28616.89,28681.23,1111.81
2025-11-01 00:33:01,28483.48,28485.06,28240.06,28431.85,1025.61
2025-11-01 01:33:01,27908.51,28080.09,27908.51,28025.0,1138.22
2025-11-01 02:33:01,27919.03,28017.65,27919.03,28000.0,1140.62
2025-11-01 03:33:01,28157.53,28157.53,28130.51,28131.49,1248.89
2025-11-01 04:33:01,27994.85,28354.78,27994.85,28149.8,1178.51
2025-11-01 05:33:01,28059.76,28289.46,27948.09,28000.0,1488.32
2025-11-01 06:33:01,27939.02,28146.19,27681.22,28000.0,1102.37
2025-11-01 07:33:01,28157.66,28226.16,27930.75,28158.11,1020.02
2025-11-01 08:33:01,28053.64,28181.71,27850.59,28000.0,1209.03
2025-11-01 09:33:01,28053.16,28053.16,27959.09,28000.0,1303.51
2025-11-01 10:33:01,27994.73,28100.67,27937.06,28000.0,1079.66
2025-11-01 11:33:01,27935.46,28161.62,27935.46,28000.0,1273.3
2025-11-01 12:33:01,27988.4,28080.24,27914.67,28000.0,1179.41
2025-11-01 13:33:01,28409.08,28468.99,28336.73,28359.41,1657.9
2025-11-01 14:33:01,28755.28,29001.19,28681.4,28730.94,1334.1
2025-11-01 15:33:01,28671.75,28943.59,28671.75,28759.83,1258.88
2025-11-01 16:33:01,28866.73,28866.73,28739.65,28827.6,1209.53
2025-11-01 17:33:01,29055.05,29140.92,28911.09,29066.79,1234.46
2025-11-01 18:33:01,29027.17,29104.26,29006.46,29064.24,1521.22
2025-11-01 19:33:01,29480.66,29583.42,29244.21,29463.75,1470.68
2025-11-01 20:33:01,30208.04,30704.01,30135.07,30206.17,1406.9
2025-11-01 21:33:01,30273.85,30336.57,30180.0,30252.43,1325.27
2025-11-01 22:33:01,30565.43,30580.96,30183.51,30461.96,1108.67
2025-11-01 23:33:01,30859.72,30878.44,30731.95,30870.61,1758.72
2025-11-02 00:33:01,30825.38,30987.09,30513.02,30723.2,1037.62
2025-11-02 01:33:01,30115.36,30333.08,30115.36,30212.5,1076.18
2025-11-02 02:33:01,30572.04,30900.46,30537.06,30632.88,1403.18
2025-11-02 03:33:01,29970.06,29970.06,29779.3,29921.41,1092.58
2025-11-02 04:33:01,30771.01,30992.72,30643.49,30734.35,1422.05
2025-11-02 05:33:01,31171.6,31171.6,31097.6,31144.9,1106.62
2025-11-02 06:33:01,31053.46,31260.59,31053.46,31241.44,1334.85
2025-11-02 07:33:01,31363.46,31432.7,31149.0,31274.15,1098.44
2025-11-02 08:33:01,31967.35,32140.9,31967.35,32104.46,1053.45
2025-11-02 09:33:01,31578.47,31759.18,31560.27,31656.68,1020.16
2025-11-02 10:33:01,31038.59,31256.48,30989.69,31114.11,1072.67
2025-11-02 11:33:01,30916.33,30916.33,30533.67,30843.83,1194.09
2025-11-02 12:33:01,30791.64,30821.04,30610.3,30731.87,1374.52
2025-11-02 13:33:01,30227.71,30316.76,30194.95,30277.18,1095.11
2025-11-02 14:33:01,30446.81,30526.61,30196.99,30356.78,1143.95
2025-11-02 15:33:01,30328.74,30434.09,30326.88,30428.32,1154.42
2025-11-02 16:33:01,30088.68,30246.41,29774.71,30066.43,1298.71
2025-11-02 17:33:01,30806.16,30806.16,30390.03,30799.33,1207.64
2025-11-02 18:33:01,30156.19,30259.73,30034.11,30165.41,1089.74
2025-11-02 19:33:01,29538.98,29605.46,29526.34,29597.55,1003.49
2025-11-02 20:33:01,29732.03,29809.66,29669.4,29774.94,1226.0
2025-11-02 21:33:01,29746.43,29770.94,29606.23,29692.5,1119.76
2025-11-02 22:33:01,29808.56,29984.5,29769.2,29888.85,1093.38
2025-11-02 23:33:01,29684.71,29684.71,29575.99,29621.46,1264.5
2025-11-03 00:33:01,29208.08,29208.08,28890.41,29172.7,1587.64
2025-11-03 01:33:01,29011.93,29030.03,28877.8,28901.05,1744.53
2025-11-03 02:33:01,28665.24,28834.9,28513.44,28615.8,1489.64
2025-11-03 03:33:01,28916.13,28967.95,28677.56,28852.53,1182.38
2025-11-03 04:33:01,28590.99,28801.21,28590.99,28655.95,1214.05
2025-11-03 05:33:01,29027.85,29085.58,28838.21,28994.59,1302.99
2025-11-03 06:33:01,29184.95,29472.08,29163.87,29261.36,1021.77
2025-11-03 07:33:01,29727.05,29773.96,29578.14,29728.84,1074.63
2025-11-03 08:33:01,30220.13,30386.31,29897.35,30140.77,1225.14
2025-11-03 09:33:01,30561.47,30582.76,30255.22,30505.25,1203.36
2025-11-03 10:33:01,30759.54,30883.4,30759.54,30867.01,1173.37
2025-11-03 11:33:01,30675.96,30898.97,30462.73,30636.91,1093.92
2025-11-03 12:33:01,30466.64,30673.22,30407.3,30525.92,1015.97
2025-11-03 13:33:01,29710.9,29790.79,29467.5,29697.4,1255.92
2025-11-03 14:33:01,30023.38,30023.38,29749.62,29837.67,1016.48
2025-11-03 15:33:01,29511.23,29711.88,29378.06,29546.28,1386.54
2025-11-03 16:33:01,29773.55,29902.34,29558.99,29734.69,1254.98
2025-11-03 17:33:01,30012.15,30110.48,29924.46,29980.23,1267.04
2025-11-03 18:33:01,29456.86,29563.33,29333.41,29382.21,1236.21
2025-11-03 19:33:01,28965.22,29193.58,28856.24,28945.99,1476.46
2025-11-03 20:33:01,28761.34,28945.66,28737.98,28805.36,1246.27
2025-11-03 21:33:01,28623.45,28679.57,28522.35,28592.91,1015.59
2025-11-03 22:33:01,28696.46,28944.53,28496.91,28675.95,1398.5
2025-11-03 23:33:01,28199.85,28269.73,28109.47,28190.28,1151.83
2025-11-04 00:33:01,28124.39,28304.53,28124.39,28222.04,1263.24
2025-11-04 01:33:01,27981.79,28244.83,27842.68,28000.0,1589.8
2025-11-04 02:33:01,28047.79,28047.79,27835.87,28000.0,1432.84
2025-11-04 03:33:01,28350.11,28538.4,28200.77,28313.0,1071.71
2025-11-04 04:33:01,27960.72,28050.9,27789.46,28000.0,1092.78
2025-11-04 05:33:01,27838.04,28052.71,27838.04,28000.0,1558.45
2025-11-04 06:33:01,27949.59,28036.18,27691.85,28000.0,1007.08
2025-11-04 07:33:01,28035.65,28290.9,27994.65,28000.0,1093.5
2025-11-04 08:33:01,27964.83,28117.27,27879.9,28000.0,1002.25
2025-11-04 09:33:01,28018.2,28102.7,27930.85,28000.0,1359.86
2025-11-04 10:33:01,28444.89,28760.08,28323.59,28424.69,1294.71
2025-11-04 11:33:01,28751.5,28751.5,28381.68,28627.92,1127.8
2025-11-04 12:33:01,28359.93,28664.05,28359.93,28527.16,1512.47
2025-11-04 13:33:01,28949.64,29096.01,28713.67,28862.85,1026.84
2025-11-04 14:33:01,29336.66,29384.7,29161.45,29357.4,1240.28
2025-11-04 15:33:01,29508.06,29731.86,29338.28,29549.16,1053.61
2025-11-04 16:33:01,29358.96,29485.04,29260.02,29379.51,1275.21
2025-11-04 17:33:01,29803.84,29875.56,29803.84,29839.03,1397.16
2025-11-04 18:33:01,30749.09,30865.2,30383.89,30640.75,1648.39
2025-11-04 19:33:01,30987.34,31220.05,30951.36,30953.7,1096.97
2025-11-04 20:33:01,31946.77,31946.77,31702.58,31784.88,1366.0
2025-11-04 21:33:01,32140.41,32349.68,32035.04,32234.87,1065.5
2025-11-04 22:33:01,32540.01,32676.89,32450.03,32653.08,1315.21
2025-11-04 23:33:01,32206.58,32206.58,31863.26,32126.46,1124.92
2025-11-05 00:33:01,31464.49,31914.24,31464.49,31597.72,1113.38
2025-11-05 01:33:01,31668.65,31760.55,31454.64,31582.67,1190.49
2025-11-05 02:33:01,30805.44,31032.43,30765.48,30800.19,1406.94
2025-11-05 03:33:01,30436.89,30605.77,30350.71,30535.45,1199.18
2025-11-05 04:33:01,30893.74,31060.31,30849.24,30942.18,1152.88
2025-11-05 05:33:01,30621.73,30686.88,30239.56,30642.52,1247.04
2025-11-05 06:33:01,30800.56,31126.23,30762.44,30896.95,1069.67
2025-11-05 07:33:01,30296.53,30407.89,30035.28,30279.81,1030.68
2025-11-05 08:33:01,29945.94,30294.07,29940.31,30065.32,1098.4
2025-11-05 09:33:01,30678.83,30686.64,30407.24,30536.81,1585.96
2025-11-05 10:33:01,30825.73,30825.73,30582.29,30641.78,1383.44
2025-11-05 11:33:01,30664.78,30887.76,30549.86,30784.56,1196.81
2025-11-05 12:33:01,31535.19,31597.95,31535.19,31580.96,1258.11
2025-11-05 13:33:01,32238.4,32302.98,32199.26,32203.69,1491.18
2025-11-05 14:33:01,31873.0,32072.39,31600.56,31787.92,1619.06
2025-11-05 15:33:01,32459.32,32568.91,32192.11,32424.53,1348.83
2025-11-05 16:33:01,32281.71,32305.05,32016.19,32132.87,1049.56
2025-11-05 17:33:01,32133.81,32261.98,32047.46,32132.26,1251.63
2025-11-05 18:33:01,32145.49,32318.29,32016.42,32147.46,1137.94
2025-11-05 19:33:01,32697.69,32825.32,32595.73,32672.75,1058.4
2025-11-05 20:33:01,32008.58,32247.82,31867.76,32126.63,1311.08
2025-11-05 21:33:01,32355.28,32531.69,32329.75,32352.25,1177.55
2025-11-05 22:33:01,32497.83,32721.21,32497.83,32614.2,1107.55
2025-11-05 23:33:01,32955.31,33270.95,32955.31,33018.59,1086.24
2025-11-06 00:33:01,32973.61,32973.61,32861.46,32921.37,1851.06
2025-11-06 01:33:01,33342.67,33732.29,33018.4,33423.95,1406.34
2025-11-06 02:33:01,33091.63,33232.75,32952.43,33073.79,1186.01
2025-11-06 03:33:01,33699.54,33747.32,33521.98,33649.78,1376.47
2025-11-06 04:33:01,33802.1,33877.11,33719.0,33833.92,1692.27
2025-11-06 05:33:01,33098.95,33138.53,33066.11,33129.53,1151.41
2025-11-06 06:33:01,33371.43,33526.02,33286.87,33339.12,1150.93
2025-11-06 07:33:01,33320.96,33459.4,33215.84,33435.45,1009.37
2025-11-06 08:33:01,33430.23,33643.37,33193.71,33263.64,1385.39
2025-11-06 09:33:01,32974.03,33084.51,32890.71,32903.02,1204.05
2025-11-06 10:33:01,32786.81,32880.71,32513.24,32791.57,1341.54
2025-11-06 11:33:01,31969.49,32345.08,31931.69,32089.42,1160.75
2025-11-06 12:33:01,32933.2,32941.78,32905.53,32911.14,1030.13
2025-11-06 13:33:01,32464.05,32613.88,31874.09,32361.24,1077.68
2025-11-06 14:33:01,32146.61,32146.61,31891.66,32047.88,1348.15
2025-11-06 15:33:01,32471.29,32623.85,32420.75,32606.2,1094.83
2025-11-06 16:33:01,32861.47,32950.85,32829.52,32899.73,1175.66
2025-11-06 17:33:01,33435.52,33435.52,33212.31,33262.27,1340.92
2025-11-06 18:33:01,34007.31,34141.2,33821.15,34025.74,1281.06
2025-11-06 19:33:01,33939.63,33948.03,33615.89,33872.4,1277.91
2025-11-06 20:33:01,33367.3,33659.16,33098.02,33346.82,1126.79
2025-11-06 21:33:01,33664.2,33929.05,33425.8,33775.78,1090.1
2025-11-06 22:33:01,34263.97,34269.82,33904.17,34185.43,1177.66
2025-11-06 23:33:01,33991.89,34181.36,33804.13,34023.62,1793.08
2025-11-07 00:33:01,33213.39,33399.8,33155.86,33383.7,1220.65
2025-11-07 01:33:01,33798.25,34256.63,33798.25,34010.83,1187.53
2025-11-07 02:33:01,34347.7,34360.37,34075.59,34310.59,1045.0
2025-11-07 03:33:01,33698.4,33698.4,33235.63,33609.41,1222.44
2025-11-07 04:33:01,34207.07,34207.07,33816.53,34009.01,1086.07
2025-11-07 05:33:01,33240.2,33333.71,33220.4,33279.91,1045.27
2025-11-07 06:33:01,32925.34,33178.71,32925.34,33045.7,1253.19
2025-11-07 07:33:01,32556.54,32625.6,32227.62,32495.85,1168.12
2025-11-07 08:33:01,32279.93,32419.86,32030.78,32192.45,1177.34
2025-11-07 09:33:01,31808.64,31963.71,31467.62,31797.86,1381.82
2025-11-07 10:33:01,31575.08,31575.08,31279.03,31513.53,1154.75
2025-11-07 11:33:01,31898.15,32068.23,31710.69,31864.38,1265.54
2025-11-07 12:33:01,32026.28,32050.12,31902.24,32013.32,1067.92
2025-11-07 13:33:01,32326.57,32409.62,32095.56,32323.22,1245.67
2025-11-07 14:33:01,32929.22,32929.22,32529.65,32860.52,1168.49
2025-11-07 15:33:01,32810.9,32810.9,32438.81,32683.95,1198.58
2025-11-07 16:33:01,32754.99,32897.55,32716.01,32730.44,1080.8
2025-11-07 17:33:01,33056.24,33056.24,32866.55,33001.92,1365.69
2025-11-07 18:33:01,33826.81,33993.05,33736.2,33853.8,1003.78
2025-11-07 19:33:01,34315.59,34387.34,34232.13,34316.51,1099.55
2025-11-07 20:33:01,35113.03,35126.97,34961.02,35033.34,1531.72
2025-11-07 21:33:01,35686.82,35755.67,35503.99,35573.77,1429.13
2025-11-07 22:33:01,36092.59,36217.47,36041.33,36142.36,1594.31
2025-11-07 23:33:01,35230.63,35252.63,35135.42,35178.69,1007.62
2025-11-08 00:33:01,35617.81,35890.91,35589.84,35648.32,1031.73
2025-11-08 01:33:01,35803.26,35803.26,35684.95,35766.53,1455.54
2025-11-08 02:33:01,35629.11,35839.19,35484.07,35799.85,1277.87
2025-11-08 03:33:01,35358.4,35643.44,35168.19,35520.91,1287.82
2025-11-08 04:33:01,35216.48,35501.58,35216.48,35298.8,1050.38
2025-11-08 05:33:01,35527.63,35610.71,35437.65,35523.86,1792.48
2025-11-08 06:33:01,35928.2,36023.51,35897.95,35975.92,1258.45
2025-11-08 07:33:01,35220.1,35376.46,34944.83,35171.69,1048.58
2025-11-08 08:33:01,35385.03,35402.83,35229.66,35291.58,1062.17
2025-11-08 09:33:01,35042.97,35042.97,34948.85,34999.48,1226.87
2025-11-08 10:33:01,34535.78,34930.34,34168.79,34505.31,1173.01
2025-11-08 11:33:01,34644.54,34773.41,34415.97,34714.02,1035.81
2025-11-08 12:33:01,34448.4,34554.97,34361.79,34548.14,1578.11
2025-11-08 13:33:01,34097.31,34254.79,34097.31,34212.06,1234.35
2025-11-08 14:33:01,33830.79,33870.04,33628.59,33823.13,1346.86
2025-11-08 15:33:01,33831.03,34098.46,33831.03,33972.02,1473.5
2025-11-08 16:33:01,33957.2,33993.36,33797.88,33972.94,1043.69
2025-11-08 17:33:01,33368.55,33478.1,33286.9,33422.67,1345.66
2025-11-08 18:33:01,32979.13,33039.78,32866.38,33007.62,1019.92
2025-11-08 19:33:01,32976.5,32976.5,32898.81,32924.25,1121.24
2025-11-08 20:33:01,33309.52,33309.52,33062.78,33131.42,1216.4
2025-11-08 21:33:01,32516.9,32804.17,32485.67,32616.61,1169.82
2025-11-08 22:33:01,32660.6,32963.3,32660.6,32862.8,1223.69
2025-11-08 23:33:01,32319.72,32674.15,32319.72,32463.75,1178.02
2025-11-09 00:33:01,33751.87,34109.84,33700.3,33799.58,1002.08
2025-11-09 01:33:01,33369.0,33575.84,33252.14,33328.69,1108.93
2025-11-09 02:33:01,33072.55,33072.55,32486.93,32940.36,1068.03
2025-11-09 03:33:01,33047.88,33150.17,33013.04,33043.28,1206.64
2025-11-09 04:33:01,32731.36,32731.36,32436.83,32602.97,1060.27
2025-11-09 05:33:01,33049.23,33049.23,32853.75,33015.11,1112.5
2025-11-09 06:33:01,33978.82,33978.82,33892.99,33914.21,1151.09
2025-11-09 07:33:01,33773.07,33856.31,33392.19,33723.11,1018.84
2025-11-09 08:33:01,33722.13,33913.0,33722.13,33816.78,1227.6
2025-11-09 09:33:01,33520.27,33790.13,33399.03,33560.33,1555.15
2025-11-09 10:33:01,33592.24,33652.48,33505.86,33566.75,1402.35
2025-11-09 11:33:01,34242.22,34485.71,33991.94,34294.07,1136.7
2025-11-09 12:33:01,34631.67,34781.16,34518.94,34759.78,1148.63
2025-11-09 13:33:01,34382.88,34382.88,34245.15,34293.56,1486.89
2025-11-09 14:33:01,35168.46,35168.46,34888.94,35094.49,1082.8
2025-11-09 15:33:01,35632.95,35794.93,35599.63,35711.12,1443.31
2025-11-09 16:33:01,36139.56,36139.56,35966.31,35975.94,1193.12
2025-11-09 17:33:01,35668.1,35801.64,35476.36,35624.23,1008.64
2025-11-09 18:33:01,35619.71,35832.29,35611.66,35663.71,1006.92
2025-11-09 19:33:01,35399.53,35426.89,35199.19,35242.51,1263.39
2025-11-09 20:33:01,35538.95,35588.73,35158.9,35494.46,1078.65
2025-11-09 21:33:01,35339.69,35491.35,35233.11,35330.47,1542.46
2025-11-09 22:33:01,34138.25,34170.03,34083.29,34150.71,1336.64
2025-11-09 23:33:01,34657.49,35081.54,34599.39,34631.02,1025.44
2025-11-10 00:33:01,34590.36,34990.59,34499.62,34735.84,1396.31
2025-11-10 01:33:01,35176.75,35391.66,35176.75,35303.03,1249.27
2025-11-10 02:33:01,35312.51,35312.51,35018.24,35235.62,1241.21
2025-11-10 03:33:01,35146.65,35389.74,35146.65,35339.99,1242.76
2025-11-10 04:33:01,35900.77,35943.11,35537.75,35935.89,1100.21
2025-11-10 05:33:01,36257.84,36335.98,36085.94,36148.99,1104.0
2025-11-10 06:33:01,36129.43,36565.18,36129.43,36309.0,1060.18
2025-11-10 07:33:01,38139.6,38253.35,38010.94,38063.36,1263.46
2025-11-10 08:33:01,37814.9,38008.25,37814.9,37968.81,1654.38
2025-11-10 09:33:01,38108.25,38487.65,38049.42,38067.2,1345.06
2025-11-10 10:33:01,39001.66,39135.06,39001.66,39059.27,1527.21
2025-11-10 11:33:01,38549.2,38648.61,38468.72,38588.57,1073.04
2025-11-10 12:33:01,37983.66,38289.76,37895.84,37987.42,1269.54
2025-11-10 13:33:01,37111.18,37239.48,37052.01,37173.43,1415.84
2025-11-10 14:33:01,37529.46,37554.14,37362.21,37473.83,1027.18
2025-11-10 15:33:01,37809.73,38035.12,37487.78,37828.02,1386.48
2025-11-10 16:33:01,38168.09,38267.99,38039.17,38250.93,1394.86
2025-11-10 17:33:01,37537.99,37537.99,37385.66,37476.06,1103.06
2025-11-10 18:33:01,37910.98,38338.18,37903.0,38044.01,1224.58
2025-11-10 19:33:01,38842.15,38842.15,38608.97,38729.2,1125.52
2025-11-10 20:33:01,38762.0,38838.19,38424.98,38673.94,1058.69
2025-11-10 21:33:01,38771.34,38771.34,38319.45,38694.16,1322.5
2025-11-10 22:33:01,39175.02,39175.02,38924.83,39087.59,1308.57
2025-11-10 23:33:01,39350.97,39428.92,39182.39,39303.76,1314.82
2025-11-11 00:33:01,39767.29,39767.29,39256.21,39682.94,1805.7
2025-11-11 01:33:01,38988.03,39071.26,38988.02,39036.77,1329.82
2025-11-11 02:33:01,39045.88,39155.3,38726.53,38935.48,1098.22
2025-11-11 03:33:01,38333.68,38333.68,38178.08,38228.42,1015.86
2025-11-11 04:33:01,38766.08,39055.47,38268.32,38592.18,1246.94
2025-11-11 05:33:01,38987.73,39019.32,38716.81,38900.52,1167.56
2025-11-11 06:33:01,39059.41,39059.41,38431.8,38843.96,1113.66
2025-11-11 07:33:01,38965.84,39230.62,38965.84,39018.05,1080.12
2025-11-11 08:33:01,37984.86,38140.18,37793.49,38108.05,1119.04
2025-11-11 09:33:01,38603.82,38948.96,38502.0,38600.35,1352.31
2025-11-11 10:33:01,38393.09,38646.58,38113.94,38331.2,1589.98
2025-11-11 11:33:01,38300.14,38572.65,38300.14,38407.07,1076.61
2025-11-11 12:33:01,38935.82,39312.91,38935.82,39051.23,1318.17
2025-11-11 13:33:01,38669.96,38669.96,38241.41,38609.05,1244.93
2025-11-11 14:33:01,39217.13,39617.64,39200.55,39303.8,1032.42
2025-11-11 15:33:01,39314.48,39574.01,38898.1,39377.64,1377.29
2025-11-11 16:33:01,39238.21,39599.74,39154.69,39394.92,1103.82
2025-11-11 17:33:01,39574.91,39973.57,39574.91,39724.1,1143.02
2025-11-11 18:33:01,38958.11,39018.82,38862.65,38981.32,1289.0
2025-11-11 19:33:01,39371.4,39504.74,39088.13,39329.73,1126.73
2025-11-11 20:33:01,39336.61,39574.39,39287.24,39366.69,1173.87
2025-11-11 21:33:01,40000.14,40028.36,39630.31,39979.24,1013.89
2025-11-11 22:33:01,39779.2,40160.71,39684.89,39849.25,1143.5
2025-11-11 23:33:01,39649.62,39885.87,39583.19,39632.23,1042.11
2025-11-12 00:33:01,39892.1,39892.1,39661.97,39852.34,1166.66
2025-11-12 01:33:01,39866.07,39951.29,39812.57,39817.0,1147.72
2025-11-12 02:33:01,39175.1,39185.38,39023.21,39116.02,1217.16
2025-11-12 03:33:01,39035.77,39092.23,38903.95,39003.1,1200.21
2025-11-12 04:33:01,39751.58,39861.87,39677.72,39745.72,1202.96
2025-11-12 05:33:01,39736.22,39801.63,39540.48,39690.47,1399.14
2025-11-12 06:33:01,39217.94,39431.45,39077.03,39172.54,1005.34
2025-11-12 07:33:01,39601.34,39856.95,39263.59,39594.05,1111.31
2025-11-12 08:33:01,38533.68,38556.59,38293.89,38493.67,1288.01
2025-11-12 09:33:01,37308.26,37389.13,37157.27,37270.93,1179.34
2025-11-12 10:33:01,37239.55,37368.12,36999.22,37271.34,1008.83
2025-11-12 11:33:01,37297.51,37612.86,37297.51,37375.21,1104.65
2025-11-12 12:33:01,37453.76,37544.81,37418.24,37501.4,1284.15
2025-11-12 13:33:01,36986.81,37037.51,36680.13,37001.69,1306.27
2025-11-12 14:33:01,36867.74,36966.45,36749.26,36921.16,1335.36
2025-11-12 15:33:01,36084.01,36150.86,36078.15,36149.59,1009.74
2025-11-12 16:33:01,36230.29,36273.54,36082.32,36272.5,1468.72
2025-11-12 17:33:01,35453.67,35592.65,35277.19,35397.35,1268.38
2025-11-12 18:33:01,35320.97,35495.71,35268.94,35322.71,1026.22
2025-11-12 19:33:01,35550.46,35693.66,35410.34,35465.99,1117.82
2025-11-12 20:33:01,34511.72,34602.13,34404.92,34536.01,1374.87
